,Artist Link,Average Likes,Average Comments,Average Release Time IG
0,https://open.spotify.com/artist/5A9wuZoMAlH0P2eFN7Fd7u,,,0.0
1,https://open.spotify.com/artist/2sUDjU3jdpKtqxUMn0GRc4,1942.5949367088608,25.642857142857142,7.0
2,https://open.spotify.com/artist/3hUJEMJojO6OmzGWumutys,1241.1384615384616,7.956521739130435,11.0
3,https://open.spotify.com/artist/6eUXFI8btnw1WJCh0TSCCE,-1.0,-1.0,-1.0
4,https://open.spotify.com/artist/2U9BIqZBwHMRy5KspZpzt9,3860.1555555555556,58.666666666666664,1.0
5,https://open.spotify.com/artist/2YoiaS8jOnkRegpmSR4oO8,362.2,7.666666666666667,1.0
6,https://open.spotify.com/artist/0LsC50sqPpTcHPGY8lyvwJ,-1.0,-1.0,-1.0
7,https://open.spotify.com/artist/3DHVqqLBXA0dtRkBT2UGrP,1436.327868852459,18.11764705882353,3.0
8,https://open.spotify.com/artist/1QXsIqLfotA6OnwVqQvPs5,367.98275862068965,3.1176470588235294,1.0
9,https://open.spotify.com/artist/7FSn06H3NaT54hcxAY5rQ9,2728.5813953488373,5.055555555555555,2.0
10,https://open.spotify.com/artist/1hg0S16M1zXTFPA2IsiouH,-1.0,-1.0,-1.0
11,https://open.spotify.com/artist/6gzc0iOY7FgoecW5Fg5DVz,-1.0,-1.0,-1.0
12,https://open.spotify.com/artist/2OfOTmOMAgOsmbeGBCIiYA,382.52777777777777,12.909090909090908,93.0
13,https://open.spotify.com/artist/4H7tqmn1eXoZJlxmisWzaH,-1.0,-1.0,-1.0
14,https://open.spotify.com/artist/403tGQ47rMxSshoKZCmTck,228.1764705882353,19.285714285714285,3.0
15,https://open.spotify.com/artist/4glULZigBa3SZBGQ8B1gNW,696.2857142857143,19.454545454545453,10.0
16,https://open.spotify.com/artist/1YdUQSqAr5bNGXpIrghmjX,-1.0,-1.0,-1.0
17,https://open.spotify.com/artist/3kkd2ywd7eR5uPocPzTwFE,-1.0,-1.0,-1.0
18,https://open.spotify.com/artist/6IwPtS5L4cV9yCB66mhheZ,-1.0,-1.0,-1.0
19,https://open.spotify.com/artist/3V7zdLPf0ENoaFO4Lvl0m6,-1.0,-1.0,-1.0
20,https://open.spotify.com/artist/6d4FihzI3byHpea2O2SCJt,3854.2127659574467,36.76923076923077,0.0
21,https://open.spotify.com/artist/1JPjaZWNz7Ht4ZbJimNEkY,-1.0,-1.0,-1.0
22,https://open.spotify.com/artist/1NYYWX3yvMjUMkXRkgVKxb,1451.171875,7.6,1.0
23,https://open.spotify.com/artist/3TNHibACw2s9PnGFgp4KSG,-1.0,-1.0,-1.0
24,https://open.spotify.com/artist/4men4AF4Dg9dqeV1SucnjH,-1.0,-1.0,-1.0
25,https://open.spotify.com/artist/3WmkXCuZqZsLATHvXb9l1W,-1.0,-1.0,-1.0
26,https://open.spotify.com/artist/5aVY2EA0WxA3STJaBgG8ua,-1.0,-1.0,-1.0
27,https://open.spotify.com/artist/5DETkZU3Alp5yzyLmB5rnw,194.78378378378378,5.2727272727272725,5.0
28,https://open.spotify.com/artist/7wM3mUnBfW5GlkYClnPYTA,868.9117647058823,6.2,5.0
29,https://open.spotify.com/artist/0FJA2ViptVdnv30E7cg51l,,,0.0
30,https://open.spotify.com/artist/2AKjzw8usPX1aCuERBTQCA,-1.0,-1.0,-1.0
31,https://open.spotify.com/artist/6QTbpmAmWmgLk7O1cZlXin,1324.7608695652175,12.642857142857142,1.0
32,https://open.spotify.com/artist/5wmk5W3IrUqq9FEnugmIaF,30.235294117647058,0.2222222222222222,52.0
33,https://open.spotify.com/artist/31V8LVCCAuFI7X4FviQIOJ,-1.0,-1.0,-1.0
34,https://open.spotify.com/artist/070r60ijuqN9KisFCwV6uM,1008.4181818181818,4.0,2.0
35,https://open.spotify.com/artist/5jcLfRTdUfq5MbCDQHJNfH,,,0.0
36,https://open.spotify.com/artist/6D29o6apKFtpaXa2kT5VFN,-1.0,-1.0,-1.0
37,https://open.spotify.com/artist/28OXKV4Lc2sbW9eMhwgH1P,-1.0,-1.0,-1.0
38,https://open.spotify.com/artist/21SNshIURoFZEUnsPt9JyB,-1.0,-1.0,-1.0
39,https://open.spotify.com/artist/7fAKtXSdNInWAIf0jVUz65,153731.66666666666,340.90909090909093,0.0
40,https://open.spotify.com/artist/6inPmyLhCY3aWR9pVEfVQ8,-1.0,-1.0,-1.0
41,https://open.spotify.com/artist/6cHQUDAPGKRE2NbVjBlOcz,-1.0,-1.0,-1.0
42,https://open.spotify.com/artist/4JA5cUX8yLsgit0CO3jbLt,-1.0,-1.0,-1.0
43,https://open.spotify.com/artist/27hFv7JqcDVyqgaCvLHpy7,-1.0,-1.0,-1.0
44,https://open.spotify.com/artist/0VrrQMGeZuVWmj4Rm2gfXv,-1.0,-1.0,-1.0
45,https://open.spotify.com/artist/6e90eYChXG3b8PbkAPcPcn,-1.0,-1.0,-1.0
46,https://open.spotify.com/artist/3nGMvecx8XQybYitNwtwaQ,-1.0,-1.0,-1.0
47,https://open.spotify.com/artist/0HigSwyGHoUcZCRDwvQtJt,-1.0,-1.0,-1.0
48,https://open.spotify.com/artist/2ph3uep2AopkQ4romPAik0,8313.90909090909,64.07692307692308,2.0
49,https://open.spotify.com/artist/1fldXskiURIjeNktAoEgH6,-1.0,-1.0,-1.0
50,https://open.spotify.com/artist/5OBXrPtAgpRVJgua6rgbs6,-1.0,-1.0,-1.0
51,https://open.spotify.com/artist/66akX7UszLtTZqTTdcFvBL,-1.0,-1.0,-1.0
52,https://open.spotify.com/artist/1JNBOcYQNe5IdqWj1bmRRS,-1.0,-1.0,-1.0
53,https://open.spotify.com/artist/3BcX5zQEt1qinFGJkjHlZM,-1.0,-1.0,-1.0
54,https://open.spotify.com/artist/1p2qEovTEiK39UsyaO3f5B,-1.0,-1.0,-1.0
55,https://open.spotify.com/artist/6WYnfLN9rrgKDeE2d7LXAK,177.04545454545453,0.25,1.0
56,https://open.spotify.com/artist/2RzRCUVzVGeNogy1s5AHOf,-1.0,-1.0,-1.0
57,https://open.spotify.com/artist/2pzKzgyZZdp2u8e8r3T1qa,-1.0,-1.0,-1.0
58,https://open.spotify.com/artist/347Dtw4X5QjI7LwFfnKvcO,-1.0,-1.0,-1.0
59,https://open.spotify.com/artist/2w2xe1mKfMRftvlWnMB7rJ,112.55555555555556,2.4285714285714284,18.0
60,https://open.spotify.com/artist/5LImeoVFfJAfmNo6EWzkKj,-1.0,-1.0,-1.0
61,https://open.spotify.com/artist/3rv12AFQxOKtgQCkpGVU70,-1.0,-1.0,-1.0
62,https://open.spotify.com/artist/5U1pEBuiFLycsQ4mYP3nmK,-1.0,-1.0,-1.0
63,https://open.spotify.com/artist/3XnS7wB1qrjruIh5fO3j0V,-1.0,-1.0,-1.0
64,https://open.spotify.com/artist/5byUktyY1lz9hBi1sDbZ5B,98.91666666666667,9.222222222222221,11.0
65,https://open.spotify.com/artist/7bVIngbLlD3sBzG0eekSGv,-1.0,-1.0,-1.0
66,https://open.spotify.com/artist/3hgmUzwYaSjRzgpSXI6dv6,,,0.0
67,https://open.spotify.com/artist/2vVYCGRqNx9hngB7cL6pdD,-1.0,-1.0,-1.0
68,https://open.spotify.com/artist/6WA698K49pNCS3hwqzsebF,559.8507462686567,3.764705882352941,2.0
69,https://open.spotify.com/artist/6TmLmlgm1A8lGF18eccbAW,-1.0,-1.0,-1.0
70,https://open.spotify.com/artist/31h9MSM59x2dPsQFxqJCsF,-1.0,-1.0,-1.0
71,https://open.spotify.com/artist/3BNlsQcUFTBPeZY14cV0AV,-1.0,-1.0,-1.0
72,https://open.spotify.com/artist/1aVtRGgvDETTPO0Fi6A27W,19.217391304347824,2.5555555555555554,1.0
73,https://open.spotify.com/artist/72vFsDWafgXagRBEiSNapi,-1.0,-1.0,-1.0
74,https://open.spotify.com/artist/0i9U6qvpfoZfv3obUl3paV,1116.5849056603774,13.692307692307692,15.0
75,https://open.spotify.com/artist/63d8kL7EvkKW7Scmx8xWkx,-1.0,-1.0,-1.0
76,https://open.spotify.com/artist/54Jum3FbmcLhhTybJ9RPec,-1.0,-1.0,-1.0
77,https://open.spotify.com/artist/1PfyPs3LPBmof04VXydIFO,-1.0,-1.0,-1.0
78,https://open.spotify.com/artist/3mA3sO1zseVtFQ56oqlJYk,-1.0,-1.0,-1.0
79,https://open.spotify.com/artist/0VnrUy9XgPuERsHZ2E3X8e,67.45,0.36363636363636365,61.0
80,https://open.spotify.com/artist/6wuLyOna5Zjh2OYb0ZtLey,,,0.0
81,https://open.spotify.com/artist/2JCiM8SNIC1bRhJrk4XroP,-1.0,-1.0,-1.0
82,https://open.spotify.com/artist/3Cw6Ta8QlIt0wX1LPATDFI,-1.0,-1.0,-1.0
83,https://open.spotify.com/artist/4HB39wlcICIhiWfmnlDTNm,-1.0,-1.0,-1.0
84,https://open.spotify.com/artist/0HQwvCw8rJC3KFoBpI6pZY,-1.0,-1.0,-1.0
85,https://open.spotify.com/artist/12LCZp2bQy1OPkfYrZgAXf,-1.0,-1.0,-1.0
86,https://open.spotify.com/artist/2ciZ71oCPXDtQfWG7AEGGY,-1.0,-1.0,-1.0
87,https://open.spotify.com/artist/2oTqCI9QuVzsiaBxm4YpyL,-1.0,-1.0,-1.0
88,https://open.spotify.com/artist/1loOm8qOhpLtzalvVLPcI8,-1.0,-1.0,-1.0
89,https://open.spotify.com/artist/1mU73gPt955Afozw5EdggY,-1.0,-1.0,-1.0
90,https://open.spotify.com/artist/0fmsESGrY47TjwoBkBVs8i,-1.0,-1.0,-1.0
91,https://open.spotify.com/artist/4E11aEbQBq02R7EQNKhfox,-1.0,-1.0,-1.0
92,https://open.spotify.com/artist/7eoeNBzcaF0FPWDO4ZYZuU,-1.0,-1.0,-1.0
93,https://open.spotify.com/artist/0iFcONUlfNoRs0KQHRrmmv,-1.0,-1.0,-1.0
94,https://open.spotify.com/artist/6eGyO5YgfOaG58AOPjAvKd,-1.0,-1.0,-1.0
95,https://open.spotify.com/artist/1qy0xUHKVt4YHNX6B1q2Wp,-1.0,-1.0,-1.0
96,https://open.spotify.com/artist/600zmyeREoVkg22R20tgLa,-1.0,-1.0,-1.0
97,https://open.spotify.com/artist/5Sp7BJWoMgqVFpPlo3nip4,-1.0,-1.0,-1.0
98,https://open.spotify.com/artist/7A2QYWSqcbbEFMFZeRLpBe,-1.0,-1.0,-1.0
99,https://open.spotify.com/artist/3bPchUYVu0TrkflewBsFn6,-1.0,-1.0,-1.0
100,https://open.spotify.com/artist/49VlDIG7Dw8raSByeCKXF6,-1.0,-1.0,-1.0
101,https://open.spotify.com/artist/7okwEbXzyT2VffBmyQBWLz,435618.625,348.2631578947368,6.0
102,https://open.spotify.com/artist/2w2xe1mKfMRftvlWnMB7rJ,112.55555555555556,2.4285714285714284,18.0
103,https://open.spotify.com/artist/7oGlqeCBGH7I7nAi0uMrr6,422.61290322580646,1.6666666666666667,16.0
104,https://open.spotify.com/artist/6OWapcJm9xd55ci9CYbAuT,9432.119047619048,21.384615384615383,3.0
105,https://open.spotify.com/artist/1OmdWpAh1pucAuZPzJaxIJ,5644.53125,39.583333333333336,5.0
106,https://open.spotify.com/artist/6GI52t8N5F02MxU0g5U69P,21780.166666666668,144.6,3.0
107,https://open.spotify.com/artist/6OKfIe1gslFsV1lUOb6DWa,227.7560975609756,0.8571428571428571,4.0
108,https://open.spotify.com/artist/4Xdv6cJiMDQ8godP4daAQ1,-1.0,-1.0,-1.0
109,https://open.spotify.com/artist/6WA698K49pNCS3hwqzsebF,559.8507462686567,3.764705882352941,2.0
110,https://open.spotify.com/artist/6YwzWWudq2yuYqyqFZrYvu,251.72413793103448,2.8,3.0
111,https://open.spotify.com/artist/2qrAFJRHByJlPuWfcszh5x,-1.0,-1.0,-1.0
112,https://open.spotify.com/artist/2vYAiMmYUiRtDHws3AxEzC,-1.0,-1.0,-1.0
113,https://open.spotify.com/artist/3EccgKzQNBwxyBRdGOmDrA,-1.0,-1.0,-1.0
114,https://open.spotify.com/artist/1gIDi1FjEZDnEwa0kco2zw,-1.0,-1.0,-1.0
115,https://open.spotify.com/artist/3rI1MlEg2izkoKoKGA3898,-1.0,-1.0,-1.0
116,https://open.spotify.com/artist/6FzMhoraIqjWH9n9m1ScSe,-1.0,-1.0,-1.0
117,https://open.spotify.com/artist/0SidyBOAgQzRSreRRnsqUb,-1.0,-1.0,-1.0
118,https://open.spotify.com/artist/1rdCQss63XwGwrE9iyp2TM,-1.0,-1.0,-1.0
119,https://open.spotify.com/artist/6PHEevniO76JNRqHLVXWX5,59351.545454545456,5.954545454545454,1.0
120,https://open.spotify.com/artist/756Li3sKcK4EdDiniLPqRl,,,0.0
121,https://open.spotify.com/artist/76ZhoKTSWtYb7ImLrhJcuQ,1102.2727272727273,16.90909090909091,20.0
122,https://open.spotify.com/artist/2DppeCnNtvrLfEobq9Pw5r,-1.0,-1.0,-1.0
123,https://open.spotify.com/artist/2w2xe1mKfMRftvlWnMB7rJ,112.55555555555556,2.4285714285714284,18.0
124,https://open.spotify.com/artist/7jdFEYD2LTYjfwxOdlVjmc,4843.777777777777,109.33333333333333,2.0
125,https://open.spotify.com/artist/1OmdWpAh1pucAuZPzJaxIJ,5644.53125,39.583333333333336,5.0
126,https://open.spotify.com/artist/5EecErlsSY1zKagDDosd6w,-1.0,-1.0,-1.0
127,https://open.spotify.com/artist/2cnMpRsOVqtPMfq7YiFE6K,16502.115384615383,357.4,269.0
128,https://open.spotify.com/artist/2TWP5hw802RnTGqBo0GhaW,-1.0,-1.0,-1.0
129,https://open.spotify.com/artist/5eKwxg7wyMKGn94a8qDdM9,,,0.0
130,https://open.spotify.com/artist/151RUyDTIDJM8gXwGJbv7z,43966.851851851854,108.23529411764706,5.0
131,https://open.spotify.com/artist/1Pe3z1UqRzKsQtHsl25dm6,1155.2,15.357142857142858,4.0
132,https://open.spotify.com/artist/7MvgOAoxA9ZgOxtRBYxLWJ,-1.0,-1.0,-1.0
133,https://open.spotify.com/artist/1nIUhcKHnK6iyumRyoV68C,1911.0,388.22222222222223,74.0
134,https://open.spotify.com/artist/6WA698K49pNCS3hwqzsebF,559.8507462686567,3.764705882352941,2.0
135,https://open.spotify.com/artist/14V8ZRhL66NIzXAmYtQ8Vj,1541.0,11.9,16.0
136,https://open.spotify.com/artist/02NfyD6AlLA12crYzw5YcR,18360.620689655174,202.63636363636363,6.0
137,https://open.spotify.com/artist/3oz1j3bn6x0yZ4v5v9Ysb8,-1.0,-1.0,-1.0
138,https://open.spotify.com/artist/13YmWQJFwgZrd4bf5IjMY4,-1.0,-1.0,-1.0
139,https://open.spotify.com/artist/7gMCi9ouTHLfqzJsjL1UVg,-1.0,-1.0,-1.0
140,https://open.spotify.com/artist/7a2sloQlmdKSmj3fwMMpg9,-1.0,-1.0,-1.0
141,https://open.spotify.com/artist/0L8ExT028jH3ddEcZwqJJ5,679028.2222222222,467.0,0.0
142,https://open.spotify.com/artist/4cA9YGLHMsKTL921ST5tZx,1024.2777777777778,11.692307692307692,3.0
143,https://open.spotify.com/artist/5BxITRcVn2u31AXshj5pCw,-1.0,-1.0,-1.0
144,https://open.spotify.com/artist/47yvPzxpOzkWOWoL29gDs2,902.8428571428572,21.63157894736842,16.0
145,https://open.spotify.com/artist/4GwcW1WAy3pU32ifJjrCBz,5025.29347826087,51.6,2.0
146,https://open.spotify.com/artist/4elV7QXSkvQNskYUEc5SFe,3132.05,46.0,5.0
147,https://open.spotify.com/artist/4Z6qbzpgUomp1ejPxW8AaV,46.3,1.8888888888888888,28.0
148,https://open.spotify.com/artist/0GShYlUdyLahdsvgKdselx,-1.0,-1.0,-1.0
149,https://open.spotify.com/artist/5bAtsgzxceHhupF4InJjdj,-1.0,-1.0,-1.0
150,https://open.spotify.com/artist/1j4NvacWrmlJSYryFomDgW,-1.0,-1.0,-1.0
151,https://open.spotify.com/artist/6VYtpsmVgSqOFf3ttfqnVX,-1.0,-1.0,-1.0
152,https://open.spotify.com/artist/6YwzWWudq2yuYqyqFZrYvu,251.72413793103448,2.8,3.0
153,https://open.spotify.com/artist/3tbM6d47UIlew8eFBzcwMs,-1.0,-1.0,-1.0
154,https://open.spotify.com/artist/1KMuPtuTktoPaGn44iTNB5,-1.0,-1.0,-1.0
155,https://open.spotify.com/artist/2QDX87l1pAGzTn0D6tX8fz,387.27777777777777,18.555555555555557,6.0
156,https://open.spotify.com/artist/3vmCb694uLT5FBO1lVB52U,301.85714285714283,20.0,11.0
157,https://open.spotify.com/artist/14IKysoZ0qyGRsIiTk1Ase,-1.0,-1.0,-1.0
158,https://open.spotify.com/artist/5q4eLKmqFVP0xII8087PHz,2327.6585365853657,29.0,3.0
159,https://open.spotify.com/artist/6bUJpbekaIlq2fT5FMV2mQ,11457.961538461539,11.0,3.0
160,https://open.spotify.com/artist/4RmJcEcY3WU0fhuXjqspvc,-1.0,-1.0,-1.0
161,https://open.spotify.com/artist/2t2HunwIt8nL4PGmpsge3s,-1.0,-1.0,-1.0
162,https://open.spotify.com/artist/2LOf1HpUxBqvz3WIdNPdBv,-1.0,-1.0,-1.0
163,https://open.spotify.com/artist/0eNA7dFiEb4Mg1GgpHRPnY,373.25,7.6923076923076925,2.0
164,https://open.spotify.com/artist/2VHCcNLaDp36lJDz3cAapi,-1.0,-1.0,-1.0
165,https://open.spotify.com/artist/7vX3cMVyW8gtDA4y855ynF,31790.314285714285,37.46153846153846,3.0
166,https://open.spotify.com/artist/22tQF7y3PwRuU6ZWAV2oTM,-1.0,-1.0,-1.0
167,https://open.spotify.com/artist/13peDbMKVZpn5nanRC96WJ,-1.0,-1.0,-1.0
168,https://open.spotify.com/artist/3z3lEz2qH5h6qJa8DYukxY,321.6666666666667,19.11111111111111,9.0
169,https://open.spotify.com/artist/6VeL8VhaMjHTPc5uovFl3h,553.5294117647059,22.333333333333332,8.0
170,https://open.spotify.com/artist/0X9Bm4IwV18URXuurahcug,1583.8076923076924,22.416666666666668,5.0
171,https://open.spotify.com/artist/64mPnRMMeudAet0E62ypkx,-1.0,-1.0,-1.0
172,https://open.spotify.com/artist/73mSg0dykFyhvU96tb5xQV,6135.35,94.0,4.0
173,https://open.spotify.com/artist/00sR4i1EQSQrNjSVJkeqYl,825.7727272727273,11.3,15.0
174,https://open.spotify.com/artist/02HDPzt4jfUl4w1YEHeW9P,290.72727272727275,12.428571428571429,13.0
175,https://open.spotify.com/artist/1tHSBdFPKHSdJASL6wS6ac,-1.0,-1.0,-1.0
176,https://open.spotify.com/artist/75BzUDa6i1c61tSjyywqY0,-1.0,-1.0,-1.0
177,https://open.spotify.com/artist/31z9f9AyPawiq0qlBO1M3i,,,0.0
178,https://open.spotify.com/artist/3rI1MlEg2izkoKoKGA3898,-1.0,-1.0,-1.0
179,https://open.spotify.com/artist/1gIDi1FjEZDnEwa0kco2zw,-1.0,-1.0,-1.0
180,https://open.spotify.com/artist/4FAxuKuqbciGKSsTS5AgaB,-1.0,-1.0,-1.0
181,https://open.spotify.com/artist/08GqAbGBPbwT33PIeW0QZv,-1.0,-1.0,-1.0
182,https://open.spotify.com/artist/2U05isWo2NVpmgI2BF72l3,-1.0,-1.0,-1.0
183,https://open.spotify.com/artist/5NfaORyb548xmt85LGHYFV,-1.0,-1.0,-1.0
184,https://open.spotify.com/artist/3NqV2DJoAWsjl787bWaHW7,59249.18421052631,205.92857142857142,9.0
185,https://open.spotify.com/artist/4byZW0sEv5RUoyQBfv7CPw,445.22222222222223,13.333333333333334,17.0
186,https://open.spotify.com/artist/4CWipq8S5OzHno2XAc0Cvd,-1.0,-1.0,-1.0
187,https://open.spotify.com/artist/1iJMsMDmedV0N4NZ2gAtcQ,,,0.0
188,https://open.spotify.com/artist/1pXT9wt3jNgkk4AVvAydBm,85.45454545454545,5.444444444444445,5.0
189,https://open.spotify.com/artist/0GkfgLbVWYsHN6eWhiEybX,699.95,15.363636363636363,2.0
190,https://open.spotify.com/artist/65kwDghVUSLY1qzOfOp5no,-1.0,-1.0,-1.0
191,https://open.spotify.com/artist/1ZRfug4DpiMfn5FTVwI3gJ,350.8333333333333,1.6153846153846154,32.0
192,https://open.spotify.com/artist/5LVwnNOyet7bByVFDPS76O,-1.0,-1.0,-1.0
193,https://open.spotify.com/artist/756Li3sKcK4EdDiniLPqRl,,,0.0
194,https://open.spotify.com/artist/5OXy7CfBNE90fAO1Z4ZDBj,-1.0,-1.0,-1.0
195,https://open.spotify.com/artist/72PnPUc1qv9UjRPaGVZ1jq,825.2666666666667,19.09090909090909,34.0
196,https://open.spotify.com/artist/2t2XKfWKLXpFIjFwy1K8wx,60895.13333333333,78.85714285714286,4.0
197,https://open.spotify.com/artist/6Z0j2ZF2duneVHdqD4FNCi,45.3125,0.9,51.0
198,https://open.spotify.com/artist/3ohcHMuUq1717s8AH17hfT,12714.8125,45.75,1.0
199,https://open.spotify.com/artist/4fWiman9jokXLmdEYghf8p,240.11940298507463,6.066666666666666,46.0
200,https://open.spotify.com/artist/2WawM0NGbPNj0LufQkaTSE,-1.0,-1.0,-1.0
201,https://open.spotify.com/artist/6YdHHGZjHrsnm7mLRswjaF,-1.0,-1.0,-1.0
202,https://open.spotify.com/artist/3XRqXsrY2TguSthWoio3mp,-1.0,-1.0,-1.0
203,https://open.spotify.com/artist/25DGdD7ho17icHB3zt5lnm,-1.0,-1.0,-1.0
204,https://open.spotify.com/artist/58lV9VcRSjABbAbfWS6skp,-1.0,-1.0,-1.0
205,https://open.spotify.com/artist/2OtcPDbzvpoJl7a4i047zw,-1.0,-1.0,-1.0
206,https://open.spotify.com/artist/3Ig1cmnFAUxpTEYVjTRkLo,7241.103448275862,11.181818181818182,4.0
207,https://open.spotify.com/artist/6WA698K49pNCS3hwqzsebF,559.8507462686567,3.764705882352941,2.0
208,https://open.spotify.com/artist/62r8B0snN5IPw8SwCJTEXR,-1.0,-1.0,-1.0
209,https://open.spotify.com/artist/5VkVaxrbRsJXAnRbz9HfO0,-1.0,-1.0,-1.0
210,https://open.spotify.com/artist/5RM955coCWa6UkFtlMapwC,,,0.0
211,https://open.spotify.com/artist/69B1gu9EjC0rNb59YYNVPM,4136.260869565217,14.416666666666666,2.0
212,https://open.spotify.com/artist/6kACVPfCOnqzgfEF5ryl0x,45897.6,59.69230769230769,2.0
213,https://open.spotify.com/artist/55dlp5I9jyc4UjzlrcKMnq,697.7142857142857,8.636363636363637,156.0
214,https://open.spotify.com/artist/5kU9dhAfJJOhneNyAeyJKE,-1.0,-1.0,-1.0
215,https://open.spotify.com/artist/1tpXaFf2F55E7kVJON4j4G,4788.6,61.8,14.0
216,https://open.spotify.com/artist/5zSvn5I6wIFwEgFxIIaqJc,-1.0,-1.0,-1.0
217,https://open.spotify.com/artist/4LlPdGVFwXjjUHkdQV3Zjs,-1.0,-1.0,-1.0
218,https://open.spotify.com/artist/2FsZnS8gQ8jG1HGnPYNlm9,111.19047619047619,15.11111111111111,53.0
219,https://open.spotify.com/artist/0IKoS95wP9Em3k3YqFS5YQ,-1.0,-1.0,-1.0
220,https://open.spotify.com/artist/6fvFDDn2oUaGEc2D8aaXcg,-1.0,-1.0,-1.0
221,https://open.spotify.com/artist/5ppJZFMF0gAfrHfZTGuHe4,1645.5897435897436,32.53846153846154,34.0
222,https://open.spotify.com/artist/2Lc0SlbkNbedYcGd5V7R4g,-1.0,-1.0,-1.0
223,https://open.spotify.com/artist/4wQ3PyMz3WwJGI5uEqHUVR,-1.0,-1.0,-1.0
224,https://open.spotify.com/artist/4Z6qbzpgUomp1ejPxW8AaV,46.3,1.8888888888888888,28.0
225,https://open.spotify.com/artist/3xYXYzm9H3RzyQgBrYwIcx,144803.025,272.6875,5.0
226,https://open.spotify.com/artist/161AC1AVRkIGIMxyj5djFQ,7400.08,41.9,0.0
227,https://open.spotify.com/artist/6Q6wl4T5osps79OPDuLjNJ,-1.0,-1.0,-1.0
228,https://open.spotify.com/artist/1QoxDzRJ3hMCfBW6JAZlGl,-1.0,-1.0,-1.0
229,https://open.spotify.com/artist/6YwzWWudq2yuYqyqFZrYvu,251.72413793103448,2.8,3.0
230,https://open.spotify.com/artist/2u8jX3aJe4Iqe8A8TwArzE,-1.0,-1.0,-1.0
231,https://open.spotify.com/artist/17pJAHDfdLvGuUwl2DkEgv,4902.764705882353,28.0,2.0
232,https://open.spotify.com/artist/3HLfraHmhOztjjiCfOSZeV,-1.0,-1.0,-1.0
233,https://open.spotify.com/artist/3fjLwetIGGv6tOJDaMTwpa,-1.0,-1.0,-1.0
234,https://open.spotify.com/artist/5uviAN5TZkqHHW62l2Na0O,-1.0,-1.0,-1.0
235,https://open.spotify.com/artist/0LyfQWJT6nXafLPZqxe9Of,-1.0,-1.0,-1.0
236,https://open.spotify.com/artist/1fpXM23IoNckJ7NDAm8YJQ,-1.0,-1.0,-1.0
237,https://open.spotify.com/artist/6iCaXmZBeSutuSYfYrMeaK,-1.0,-1.0,-1.0
238,https://open.spotify.com/artist/4YLtscXsxbVgi031ovDDdh,25982.5,365.55555555555554,1.0
239,https://open.spotify.com/artist/2BBQh3k8lxxmPEmB6RkHtj,316.41379310344826,16.181818181818183,95.0
240,https://open.spotify.com/artist/6eCgsu961ClH7K6NSsXaBh,-1.0,-1.0,-1.0
241,https://open.spotify.com/artist/6xrCU6zdcSTsG2hLrojpmI,17498.239130434784,91.92857142857143,9.0
242,https://open.spotify.com/artist/5tFRohaO5yEsuJxmMnlCO9,10177.26923076923,120.0,12.0
243,https://open.spotify.com/artist/4s7QvzBMTW4BKWI5pVO2mY,467.42857142857144,3.6153846153846154,1.0
244,https://open.spotify.com/artist/5AVBFCn4Hq4KY2Xjc5Gj4y,-1.0,-1.0,-1.0
245,https://open.spotify.com/artist/3tM7VPGOkV3eRizSnMHXPL,-1.0,-1.0,-1.0
246,https://open.spotify.com/artist/2kpvdonTYo4M3m7Nhbim4y,-1.0,-1.0,-1.0
247,https://open.spotify.com/artist/2M4Yt7oKGoYd0wqU44k4i2,37811.75,143.1818181818182,1.0
248,https://open.spotify.com/artist/40MSz9KU6J8HDdfATbQzO2,-1.0,-1.0,-1.0
249,https://open.spotify.com/artist/3bLSAQPeix7Xm2e5Gtn48R,3083.09375,8.0,5.0
250,https://open.spotify.com/artist/5OlITTCPCIxWOa3TEpemuF,-1.0,-1.0,-1.0
251,https://open.spotify.com/artist/4cDrPgbp1NzHryskyc9Hn1,-1.0,-1.0,-1.0
252,https://open.spotify.com/artist/3TfOFktZy6PzWu2W9fZv5Z,-1.0,-1.0,-1.0
253,https://open.spotify.com/artist/1pXT9wt3jNgkk4AVvAydBm,85.45454545454545,5.444444444444445,5.0
254,https://open.spotify.com/artist/4MVyzYMgTwdP7Z49wAZHx0,-1.0,-1.0,-1.0
255,https://open.spotify.com/artist/7FNOdfxOvdi8xnpVJ8Wp5R,-1.0,-1.0,-1.0
256,https://open.spotify.com/artist/6kMOabD0AtCGJB632jMilU,38.11764705882353,3.4444444444444446,22.0
257,https://open.spotify.com/artist/4iy3JrFlBLHPvXqN1OcQS1,-1.0,-1.0,-1.0
258,https://open.spotify.com/artist/2HPYUQ6GsPbZHvkyYe2jdm,8650.641025641025,42.0,1.0
259,https://open.spotify.com/artist/0Xi59sEw38vRvwleSAVqoo,-1.0,-1.0,-1.0
260,https://open.spotify.com/artist/03UZwtrCiMR9P10LcjQ5Wu,5013.882352941177,10.166666666666666,1.0
261,https://open.spotify.com/artist/6w5nIAeqFbZa9qssSwPsyn,-1.0,-1.0,-1.0
262,https://open.spotify.com/artist/2bGK38Qvf603fcckzUYYui,-1.0,-1.0,-1.0
263,https://open.spotify.com/artist/0IkXJjOYzNVtC7JByRI2cD,-1.0,-1.0,-1.0
264,https://open.spotify.com/artist/7Fh1k3NlvVj1Oj6kpfQf9f,264.0833333333333,6.333333333333333,1.0
265,https://open.spotify.com/artist/73sawKQrhPG7HXTDRZGfOX,,,0.0
266,https://open.spotify.com/artist/5QHPnWIsEhyjNAVkHZZCBy,3223.2954545454545,13.75,59.0
267,https://open.spotify.com/artist/06uF7BP6dTC2wH1qZeGC6X,-1.0,-1.0,-1.0
268,https://open.spotify.com/artist/0XHiH53dHrvbwfjYM7en7I,-1.0,-1.0,-1.0
269,https://open.spotify.com/artist/22WZ7M8sxp5THdruNY3gXt,285259.35714285716,136.6153846153846,1.0
270,https://open.spotify.com/artist/1tpXaFf2F55E7kVJON4j4G,4788.6,61.8,14.0
271,https://open.spotify.com/artist/5KCph1z3jaSwhtwPzoYp6i,,,0.0
272,https://open.spotify.com/artist/4tWFXbJnjC9lM3UzmOpUiR,-1.0,-1.0,-1.0
273,https://open.spotify.com/artist/161AC1AVRkIGIMxyj5djFQ,7400.08,41.9,0.0
274,https://open.spotify.com/artist/0vYkHhJ48Bs3jWcvZXvOrP,-1.0,-1.0,-1.0
275,https://open.spotify.com/artist/3qm84nBOXUEQ2vnTfUTTFC,,,0.0
276,https://open.spotify.com/artist/3yEnArbNHyTCwMRvD9SBy4,8657.79746835443,15.944444444444445,1.0
277,https://open.spotify.com/artist/5M52tdBnJaKSvOpJGz8mfZ,207711.4090909091,160.0,1.0
278,https://open.spotify.com/artist/0xybuiDEYo3YuT3fLPaIyE,-1.0,-1.0,-1.0
279,https://open.spotify.com/artist/3JysSUOyfVs1UQ0UaESheP,-1.0,-1.0,-1.0
280,https://open.spotify.com/artist/2BBQh3k8lxxmPEmB6RkHtj,316.41379310344826,16.181818181818183,95.0
281,https://open.spotify.com/artist/3HCpwNmFp2rvjkdjTs4uxs,-1.0,-1.0,-1.0
282,https://open.spotify.com/artist/3rI1MlEg2izkoKoKGA3898,-1.0,-1.0,-1.0
283,https://open.spotify.com/artist/1jGjkqpIbEl9sDClqgzILD,-1.0,-1.0,-1.0
284,https://open.spotify.com/artist/27Owkm4TGlMqb0BqaEt3PW,66770.7,35.666666666666664,4.0
285,https://open.spotify.com/artist/3qf2YoifC68WTsMv1YIGmh,-1.0,-1.0,-1.0
286,https://open.spotify.com/artist/0LAYJEinJ2hxMoFmHloFRo,-1.0,-1.0,-1.0
287,https://open.spotify.com/artist/5wWOMGR3Im6cDmoTRHD998,-1.0,-1.0,-1.0
288,https://open.spotify.com/artist/6nwh8AhPpbwOUnHZJWrHT6,-1.0,-1.0,-1.0
289,https://open.spotify.com/artist/0fshYD6SO4222BXVPfGBgG,-1.0,-1.0,-1.0
290,https://open.spotify.com/artist/7290H8m1Dwt8G7jm1y9CQx,105605.8275862069,602.0833333333334,10.0
291,https://open.spotify.com/artist/2w2xe1mKfMRftvlWnMB7rJ,112.55555555555556,2.4285714285714284,18.0
292,https://open.spotify.com/artist/40LGuAmXtqxMGraUmCSU27,-1.0,-1.0,-1.0
293,https://open.spotify.com/artist/2TRtXTjjmyzK5oUGec1Gv8,-1.0,-1.0,-1.0
294,https://open.spotify.com/artist/12VaqyEhgwDRuFfEqbnrpz,,,0.0
295,https://open.spotify.com/artist/1Qp56T7n950O3EGMsSl81D,263330.6590909091,629.7857142857143,3.0
296,https://open.spotify.com/artist/5imJC8xoF2kN5TwuN5tNFy,-1.0,-1.0,-1.0
297,https://open.spotify.com/artist/3zhMQz4U8XeOPq1Nphrd6a,3681.7948717948716,41.54545454545455,9.0
298,https://open.spotify.com/artist/1cXi8ALPQCBHZbf0EgP4Ey,60158.17647058824,152.78571428571428,4.0
299,https://open.spotify.com/artist/5krkohEVJYw0qoB5VWwxaC,8555.36,85.5,9.0
300,https://open.spotify.com/artist/2zMQOJ4Cyl4BYbw6WqaO3h,5889.363636363636,99.9,3.0
301,https://open.spotify.com/artist/2ye2Wgw4gimLv2eAKyk1NB,914316.0,460.09090909090907,0.0
302,https://open.spotify.com/artist/5UV6cu8lTL2nxwBTAoiRqF,-1.0,-1.0,-1.0
303,https://open.spotify.com/artist/14pVkFUHDL207LzLHtSA18,200439.93333333332,113.21428571428571,0.0
304,https://open.spotify.com/artist/5AVBFCn4Hq4KY2Xjc5Gj4y,-1.0,-1.0,-1.0
305,https://open.spotify.com/artist/2tRsMl4eGxwoNabM08Dm4I,-1.0,-1.0,-1.0
306,https://open.spotify.com/artist/5SwHKKNKYToC1YzWVNWAIN,-1.0,-1.0,-1.0
307,https://open.spotify.com/artist/2jBy2CxdnaHHLKrLhQIhyZ,-1.0,-1.0,-1.0
308,https://open.spotify.com/artist/5Gu7iDoQjE7anHIbCXckC8,273.4848484848485,1.1666666666666667,2.0
309,https://open.spotify.com/artist/1pXT9wt3jNgkk4AVvAydBm,85.45454545454545,5.444444444444445,5.0
310,https://open.spotify.com/artist/6gZq1Q6bdOxsUPUG1TaFbF,37814.433333333334,103.45454545454545,1.0
311,https://open.spotify.com/artist/5xUf6j4upBrXZPg6AI4MRK,-1.0,-1.0,-1.0
312,https://open.spotify.com/artist/776Uo845nYHJpNaStv1Ds4,-1.0,-1.0,-1.0
313,https://open.spotify.com/artist/30uiS1n3uIGXJEYFR1GVDy,-1.0,-1.0,-1.0
314,https://open.spotify.com/artist/64tNsm6TnZe2zpcMVMOoHL,89595.31034482758,347.3636363636364,9.0
315,https://open.spotify.com/artist/3BVkDHWRvLJEyKdvhLbjsq,528.3125,9.11111111111111,0.0
316,https://open.spotify.com/artist/34c4iQ5tkaZKu6Sv28BTde,-1.0,-1.0,-1.0
317,https://open.spotify.com/artist/3544ImlskUwZqWJTmqWUsa,-1.0,-1.0,-1.0
318,https://open.spotify.com/artist/5O7ziOtiFUyRMBJN1J4Tpv,-1.0,-1.0,-1.0
319,https://open.spotify.com/artist/0fKm2nbvL6kYC4waKZITJ2,-1.0,-1.0,-1.0
320,https://open.spotify.com/artist/1DXylZlWbVvlckNqwvjTEt,1010.047619047619,60.3,1.0
321,https://open.spotify.com/artist/68w1N09wO19vMQxXnOSO5C,-1.0,-1.0,-1.0
322,https://open.spotify.com/artist/1jHQI26XkjY8BHwvDnh9Jw,12.5,1.3333333333333333,25.0
323,https://open.spotify.com/artist/29Wmfm1CojrjQ3aQP0FI65,7561.060606060606,52.27272727272727,5.0
324,https://open.spotify.com/artist/4YumqLcvnU9DW31AkzaviJ,-1.0,-1.0,-1.0
325,https://open.spotify.com/artist/6olE6TJLqED3rqDCT0FyPh,-1.0,-1.0,-1.0
326,https://open.spotify.com/artist/3XsgWn63EnA4wYZBjVyxjf,2033.78125,15.272727272727273,2.0
327,https://open.spotify.com/artist/16PcI6JjJuUfPlsX8Ffvfl,4649.5,45.4,11.0
328,https://open.spotify.com/artist/4VIQa9l1HW6VPhR9IdJS8C,6450.076923076923,25.818181818181817,5.0
329,https://open.spotify.com/artist/6yJCxee7QumYr820xdIsjo,121835.25531914894,915.3571428571429,1.0
330,https://open.spotify.com/artist/3HR1xtIsUefdFnkI1XHgeA,7450.0,30.2,1.0
331,https://open.spotify.com/artist/44KF6kM7O7HaLyLjFk0bnn,667.6078431372549,3.0714285714285716,4.0
332,https://open.spotify.com/artist/2WawM0NGbPNj0LufQkaTSE,-1.0,-1.0,-1.0
333,https://open.spotify.com/artist/72JEwd3EjDEwTLypkFYJn9,-1.0,-1.0,-1.0
334,https://open.spotify.com/artist/4hvwEwrCmGj22uURGVET7Q,-1.0,-1.0,-1.0
335,https://open.spotify.com/artist/62r8B0snN5IPw8SwCJTEXR,-1.0,-1.0,-1.0
336,https://open.spotify.com/artist/1BBIIH0h76KN8gYeXFcPjR,-1.0,-1.0,-1.0
337,https://open.spotify.com/artist/6kACVPfCOnqzgfEF5ryl0x,45897.75,59.69230769230769,2.0
338,https://open.spotify.com/artist/6A5OOXI6DjSlRwUxgNLGtz,689.5540540540541,17.733333333333334,14.0
339,https://open.spotify.com/artist/4hxDvVq5t8ebPYPdBl1F9f,8528.304347826086,50.7,16.0
340,https://open.spotify.com/artist/4pp6PKB7hDh3LqQVuSrHTD,-1.0,-1.0,-1.0
341,https://open.spotify.com/artist/3IYUhFvPQItj6xySrBmZkd,44067.94117647059,92.6875,1.0
342,https://open.spotify.com/artist/0dpglhdTlof5BS5LX7uJmg,,,0.0
343,https://open.spotify.com/artist/7n1EM42Fseebd9H2p8eWWS,-1.0,-1.0,-1.0
344,https://open.spotify.com/artist/1m0B9ak05G0jqDY4ACLhQu,-1.0,-1.0,-1.0
345,https://open.spotify.com/artist/1DFr97A9HnbV3SKTJFu62M,57966.25,55.8,2.0
346,https://open.spotify.com/artist/4aGLoZx4GdlR6fqtmY7rNV,132.54545454545453,15.6,180.0
347,https://open.spotify.com/artist/0blJzvevdXrp21YeI2vbco,10228.5,105.7,3.0
348,https://open.spotify.com/artist/3nhxXtHwC2TookQyqQlFK1,-1.0,-1.0,-1.0
349,https://open.spotify.com/artist/34xAiSyQG6nlH0eZNLjbLW,-1.0,-1.0,-1.0
350,https://open.spotify.com/artist/6SGvRyZuaSuWmP6IWUKpGf,-1.0,-1.0,-1.0
351,https://open.spotify.com/artist/6sq1yF0OZEWA4xoXVKW1L9,1099567.138888889,558.2352941176471,2.0
352,https://open.spotify.com/artist/0hCNtLu0JehylgoiP8L4Gh,43679256.81034483,9456.1,1.0
353,https://open.spotify.com/artist/5jveqew1B4g1SrR8uxgTES,-1.0,-1.0,-1.0
354,https://open.spotify.com/artist/1akovilveREPmx1E535jJU,-1.0,-1.0,-1.0
355,https://open.spotify.com/artist/5NNlkZBrBpOJ7C11JwVxIj,9072.555555555555,255.0,0.0
356,https://open.spotify.com/artist/2wkoKEfS6dXwThbyTnZWFU,1500202.5102040817,1156.7,1.0
357,https://open.spotify.com/artist/2R21vXR83lH98kGeO99Y66,6889857.023809524,10861.4375,2.0
358,https://open.spotify.com/artist/2NfSBtmWe7oPw1EmetJVso,116085.0,186.92857142857142,1.0
359,https://open.spotify.com/artist/14FqcgpNCmfedRsAZTgMIG,55227.239130434784,112.13333333333334,2.0
360,https://open.spotify.com/artist/4d3kmfoZBTuUPSUjgP45uo,,,0.0
361,https://open.spotify.com/artist/6ZZ2DeepA3GpoGU4KwqSlU,606780.1333333333,780.2941176470588,2.0
362,https://open.spotify.com/artist/1mcTU81TzQhprhouKaTkpq,3553057.0303030303,13309.083333333334,4.0
363,https://open.spotify.com/artist/53KTldaJ8tHSkYU3nigfwP,123620.95652173914,76.0,1.0
364,https://open.spotify.com/artist/1d6dwipPrsFSJVmFTTdFSS,471877.25531914894,490.1111111111111,1.0
365,https://open.spotify.com/artist/0veZkZPeWoJQ9gt6VAXlkN,-1.0,-1.0,-1.0
366,https://open.spotify.com/artist/6zV4lK2B7hWlxqjiEvmX4g,-1.0,-1.0,-1.0
367,https://open.spotify.com/artist/5XsWrYhwadPBjW20qYbdZg,19410.214285714286,229.9090909090909,18.0
368,https://open.spotify.com/artist/1r4hJ1h58CWwUQe3MxPuau,10958077.0,4285.142857142857,2.0
369,https://open.spotify.com/artist/5H1nN1SzW0qNeUEZvuXjAj,259775.3103448276,692.7692307692307,7.0
370,https://open.spotify.com/artist/3YHFRVdfHlJ98iAc50PIYk,29200.447368421053,47.0,8.0
371,https://open.spotify.com/artist/4AgfaZvOiSS97uy5ekQ7bf,9981.15909090909,50.38461538461539,3.0
372,https://open.spotify.com/artist/3jkWOLEB1SNniW6394QnXA,-1.0,-1.0,-1.0
373,https://open.spotify.com/artist/7okwEbXzyT2VffBmyQBWLz,435619.0833333333,348.2631578947368,6.0
374,https://open.spotify.com/artist/4wLXwxDeWQ8mtUIRPxGiD6,1390303.5,881.5833333333334,2.0
375,https://open.spotify.com/artist/3HgZDevp7GspkLUAa5cKne,,,0.0
376,https://open.spotify.com/artist/0BqURncJM5B1BBu7UM51eq,968187.0363636364,242.76470588235293,0.0
377,https://open.spotify.com/artist/0E9Kw3LWN2YJMh5vjv6Htj,-1.0,-1.0,-1.0
378,https://open.spotify.com/artist/58pqy50vIEhqbk6ad978VJ,-1.0,-1.0,-1.0
379,https://open.spotify.com/artist/4VMYDCV2IEDYJArk749S6m,7117516.833333333,3367.1875,5.0
380,https://open.spotify.com/artist/0D2VCZf17n5XVzgFAnO9cA,214.3,13.166666666666666,36.0
381,https://open.spotify.com/artist/1GDbiv3spRmZ1XdM1jQbT7,,,0.0
382,https://open.spotify.com/artist/61hAcjvvUS6EXMpeeHwaDi,41245.68085106383,63.4375,0.0
383,https://open.spotify.com/artist/4GZOqR1Cx6YeBN2Lmv0B1e,66161.59090909091,435.92857142857144,13.0
384,https://open.spotify.com/artist/0h1zs4CTlU9D2QtgPxptUD,913122.5227272727,1995.8,2.0
385,https://open.spotify.com/artist/4RSyJzf7ef6Iu2rnLdabNq,75631.703125,70.44444444444444,9.0
386,https://open.spotify.com/artist/0TnOYISbd1XYRBk9myaseg,1608276.5081967213,1757.2631578947369,3.0
387,https://open.spotify.com/artist/28gNT5KBp7IjEOQoevXf9N,6554443.804347826,1941.578947368421,3.0
388,https://open.spotify.com/artist/3Qldsib1smRXVBihCbSKrV,5522.261904761905,57.142857142857146,6.0
389,https://open.spotify.com/artist/0UWZUmn7sybxMCqrw9tGa7,709254.2291666666,202.75,1.0
390,https://open.spotify.com/artist/6BMQo3hxi4qwLiZpHKK5iL,-1.0,-1.0,-1.0
391,https://open.spotify.com/artist/2QWIScpFDNxmS6ZEMIUvgm,81473.1,213.1818181818182,11.0
392,https://open.spotify.com/artist/4obzFoKoKRHIphyHzJ35G3,3660174.8444444444,1200.0,2.0
393,https://open.spotify.com/artist/4q3ewBCX7sLwd24euuV69X,9867569.0,27146.0,67.0
394,https://open.spotify.com/artist/6pWTPhk1AtVfNmkaeXXVpD,8310.757575757576,14.545454545454545,4.0
395,https://open.spotify.com/artist/7ltDVBr6mKbRvohxheJ9h1,-1.0,-1.0,-1.0
396,https://open.spotify.com/artist/1mux8L6xg2Cmrc7k0wQczl,12075.38596491228,27.5,4.0
397,https://open.spotify.com/artist/3E6xrwgnVfYCrCs0ePERDz,1239873.5945945946,330.5,1.0
398,https://open.spotify.com/artist/4PtVXWSOmF4Tox1jj6ctSq,-1.0,-1.0,-1.0
399,https://open.spotify.com/artist/2DspEsT7UXGKd2VaaedgG4,275974.6,175.47058823529412,6.0
400,https://open.spotify.com/artist/4OiCK9NnTWhakDIG57uBUA,13747.227272727272,13.909090909090908,3.0
401,https://open.spotify.com/artist/0EmeFodog0BfCgMzAIvKQp,14769672.80952381,17864.0,1.0
402,https://open.spotify.com/artist/2qdqYad94Al0HLIgmUGQM5,-1.0,-1.0,-1.0
403,https://open.spotify.com/artist/0TeVa4xdLB8vdzjsvKH6Ri,-1.0,-1.0,-1.0
404,https://open.spotify.com/artist/11mqrDSFRRz8g0Wb3syJj5,30918.583333333332,28.083333333333332,1.0
405,https://open.spotify.com/artist/1vrahybrKylgwkjhbmOz94,,,0.0
406,https://open.spotify.com/artist/1GAymyGBvB4gQy5Z5LZ1Wj,187772.29166666666,117.83333333333333,3.0
407,https://open.spotify.com/artist/085pc2PYOi8bGKj0PNjekA,398463.0847457627,2124.6666666666665,2.0
408,https://open.spotify.com/artist/21451j1KhjAiaYKflxBjr1,534187.8103448276,73.05882352941177,1.0
409,https://open.spotify.com/artist/5B6H1Dq77AV1LZWrbNsuH5,-1.0,-1.0,-1.0
410,https://open.spotify.com/artist/07YUOmWljBTXwIseAUd9TW,5842191.125,1168.2857142857142,2.0
411,https://open.spotify.com/artist/4mZ4qW2RrJS1nmHvltMvJ2,-1.0,-1.0,-1.0
412,https://open.spotify.com/artist/0vR2qb8m9WHeZ5ByCbimq2,275726.3783783784,117.46153846153847,3.0
413,https://open.spotify.com/artist/5lwmRuXgjX8xIwlnauTZIP,4642072.911764706,2034.5,6.0
414,https://open.spotify.com/artist/5x3mrCTZmkoTXURN7pWdGN,19602.97435897436,16.384615384615383,0.0
415,https://open.spotify.com/artist/5myi4R5zMZRBOqm1Pkk4OI,-1.0,-1.0,-1.0
416,https://open.spotify.com/artist/4PyXI4xpfWxekTqIo5oeZl,-1.0,-1.0,-1.0
417,https://open.spotify.com/artist/1yxSLGMDHlW21z4YXirZDS,187463.3962264151,66.41176470588235,1.0
418,https://open.spotify.com/artist/6GRC8segVAr34gm6pjfSoQ,748087.84375,70.125,1.0
419,https://open.spotify.com/artist/4EEZg8R3dxbTCCQ1DVWtHg,-1.0,-1.0,-1.0
420,https://open.spotify.com/artist/1OUDQLymoysITxprkd0Qvj,205460.75,152.45454545454547,2.0
421,https://open.spotify.com/artist/2cy1zPcrFcXAJTP0APWewL,257096.41666666666,74.83333333333333,1.0
422,https://open.spotify.com/artist/7cjh6y0V9SsyCrWSXTzwOs,263437.4054054054,1205.0,1.0
423,https://open.spotify.com/artist/3bAPo06XsUX6fo8iHYUqH7,577317.7857142857,106.05882352941177,2.0
424,https://open.spotify.com/artist/4bw2Am3p9ji3mYsXNXtQcd,1142237.2931034483,16.12,0.0
425,https://open.spotify.com/artist/1i8SpTcr7yvPOmcqrbnVXY,,,0.0
426,https://open.spotify.com/artist/6ModsWtBph2rE6zCTVxvZt,-1.0,-1.0,-1.0
427,https://open.spotify.com/artist/1Xyo4u8uXC1ZmMpatF05PJ,6853541.40625,3423.25,0.0
428,https://open.spotify.com/artist/4IMAo2UQchVFyPH24PAjUs,-1.0,-1.0,-1.0
429,https://open.spotify.com/artist/1vyhD5VmyZ7KMfW5gqLgo5,-1.0,-1.0,-1.0
430,https://open.spotify.com/artist/5LeiVcEnsZcwc133TUhJNW,3662125.9166666665,1063.157894736842,2.0
431,https://open.spotify.com/artist/04Lk4wB0qijus8AOGYiHg8,524.969696969697,6.2727272727272725,4.0
432,https://open.spotify.com/artist/7K9rdoOJSiKXoVXPlSkGKT,235418.56666666668,213.33333333333334,1.0
433,https://open.spotify.com/artist/3Jarv4dvk7d9k6AkqDUVJg,,,0.0
434,https://open.spotify.com/artist/0tY3x8Uz6CMnWnaqXoGEPR,-1.0,-1.0,-1.0
435,https://open.spotify.com/artist/19IsMFpELM7g2UDuwDlZvU,8708.380952380952,15.571428571428571,3.0
436,https://open.spotify.com/artist/3oNy8cjBtJzLC07I70sklp,-1.0,-1.0,-1.0
437,https://open.spotify.com/artist/0tmwSHipWxN12fsoLcFU3B,3827424.6829268294,1840.7857142857142,2.0
438,https://open.spotify.com/artist/0r8toju2ecKaVtItkzAnNi,21986.85,11.2,0.0
439,https://open.spotify.com/artist/0ZCO8oVkMj897cKgFH7fRW,65426.282051282054,31.857142857142858,5.0
440,https://open.spotify.com/artist/7Hf9AwMO37bSdxHb0FBGmO,350181.46875,106.91666666666667,1.0
441,https://open.spotify.com/artist/6i3DxIlAqnDkwELLw4aVrx,7513771.377777778,3020.866666666667,3.0
442,https://open.spotify.com/artist/0aMqt2uGLuHj4eI8oXgVzN,303820.0869565217,3729.2,1.0
443,https://open.spotify.com/artist/790FomKkXshlbRYZFtlgla,14357198.452380951,28729.4375,4.0
444,https://open.spotify.com/artist/39wff4xdW1Xg88XzoTvySv,,,0.0
445,https://open.spotify.com/artist/6kaefrHSdAvxhhCVDFTCEL,1448053.5606060605,5804.4375,3.0
446,https://open.spotify.com/artist/1oMiDFyAgmIzw9ZBQYHOJI,-1.0,-1.0,-1.0
447,https://open.spotify.com/artist/108moq3rq6bm1M4Ypz0J02,68045.21052631579,30.384615384615383,0.0
448,https://open.spotify.com/artist/6VD4UEUPvtsemqD3mmTqCR,97570.43137254902,84.13333333333334,1.0
449,https://open.spotify.com/artist/5O8cudluftNZ6PCwRzvYxo,375341.1951219512,1015.9285714285714,9.0
450,https://open.spotify.com/artist/1dXyzN9oFwtYIbdpMgYB8m,313.1212121212121,1.5,5.0
451,https://open.spotify.com/artist/55qSbU11psT1e0HlLaTZPB,7200.122807017544,68.5625,4.0
452,https://open.spotify.com/artist/5Bk3LL5WujH6UG9iqpDaxA,-1.0,-1.0,-1.0
453,https://open.spotify.com/artist/3l0ICzv4v8DpBYkDTBqRju,-1.0,-1.0,-1.0
454,https://open.spotify.com/artist/2nszmSgqreHSdJA3zWPyrW,-1.0,-1.0,-1.0
455,https://open.spotify.com/artist/3uZFBSsMiooimnprFL9jD1,12441.30357142857,30.058823529411764,7.0
456,https://open.spotify.com/artist/11YLRSsZA3YVuQQtHXKTlz,83798.97727272728,27.88888888888889,1.0
457,https://open.spotify.com/artist/7arK8QUX7X61NIkChn9no2,32154.49411764706,7.294117647058823,1.0
458,https://open.spotify.com/artist/6FVofRVqHnNSFg8u7jp7vF,97.3225806451613,8.8,31.0
459,https://open.spotify.com/artist/6KO6G41BBLTDNYOLefWTMU,14957.979591836734,91.9375,7.0
460,https://open.spotify.com/artist/0MSCjp9CiF6NyxmbLubp5p,63.31372549019608,6.0,74.0
461,https://open.spotify.com/artist/0BubypoyTxJNVMbsXp05Zb,42.68181818181818,1.0,33.0
462,https://open.spotify.com/artist/4U6cZkjQE5aIsCnfL9DaJk,,,0.0
463,https://open.spotify.com/artist/2WawM0NGbPNj0LufQkaTSE,-1.0,-1.0,-1.0
464,https://open.spotify.com/artist/4SFisE6YVDDIZfQdFjR6Bh,-1.0,-1.0,-1.0
465,https://open.spotify.com/artist/16S8d2C84qh8n54g2Ehvov,-1.0,-1.0,-1.0
466,https://open.spotify.com/artist/69lkGIMzb7Wc1iOPbATcNY,244.0,5.384615384615385,5.0
467,https://open.spotify.com/artist/4pejUc4iciQfgdX6OKulQn,-1.0,-1.0,-1.0
468,https://open.spotify.com/artist/4KH6mnLLMG17ZlFZU8NQOR,-1.0,-1.0,-1.0
469,https://open.spotify.com/artist/3Gtok2fWD0FxgheDPYZ6Mw,51.529411764705884,1.8888888888888888,3.0
470,https://open.spotify.com/artist/0WCo84qtCKfbyIf1lqQWB4,2322.809523809524,17.923076923076923,4.0
471,https://open.spotify.com/artist/0L8ExT028jH3ddEcZwqJJ5,679029.2962962963,467.0,0.0
472,https://open.spotify.com/artist/3KdXhEwbqFHfNfSk7L9E87,18647.5,67.42857142857143,5.0
473,https://open.spotify.com/artist/12Chz98pHFMPJEknJQMWvI,308160.5882352941,439.38461538461536,1.0
474,https://open.spotify.com/artist/75fIuwXxhZ1atNzWLMrgF0,829.08,42.3,37.0
475,https://open.spotify.com/artist/7rc1bWDsJEnizkaxbxfU7P,238.65384615384616,1.0,3.0
476,https://open.spotify.com/artist/7Ln80lUS6He07XvHI8qqHH,987835.0769230769,4199.5,27.0
477,https://open.spotify.com/artist/5Gl1rystXiMgtfAFCdhjd9,-1.0,-1.0,-1.0
478,https://open.spotify.com/artist/0ZMWrgLff357yxLyEU77a1,-1.0,-1.0,-1.0
479,https://open.spotify.com/artist/58XGUNsRNu3cVOIOYk5chx,2994.5,9.333333333333334,29.0
480,https://open.spotify.com/artist/5JBmOtsvqIKwtu5i6yPGVq,950.5957446808511,6.166666666666667,7.0
481,https://open.spotify.com/artist/6G6lXGxOc8R0ClzzV57BIu,353.84,1.2307692307692308,4.0
482,https://open.spotify.com/artist/5VLQQzAkJrzG7QggE4DVg2,4300.0,8.8,15.0
483,https://open.spotify.com/artist/4PGbnGDGUql8JELXNmtvZw,-1.0,-1.0,-1.0
484,https://open.spotify.com/artist/25uPlxGvXMDy9eUX7oeDei,8238.386666666667,19.125,5.0
485,https://open.spotify.com/artist/3HVmba1wHgrLVsVC5IIzkG,-1.0,-1.0,-1.0
486,https://open.spotify.com/artist/1d180C17l1LngaKwhSp690,-1.0,-1.0,-1.0
487,https://open.spotify.com/artist/5AVBFCn4Hq4KY2Xjc5Gj4y,-1.0,-1.0,-1.0
488,https://open.spotify.com/artist/2GF7EYn0W6MeACWyEhNaws,149.28125,0.9285714285714286,15.0
489,https://open.spotify.com/artist/4Lm0pUvmisUHMdoky5ch2I,19065.53488372093,48.53333333333333,1.0
490,https://open.spotify.com/artist/5zhNFR4EXKIeJGZE2BHLxS,-1.0,-1.0,-1.0
491,https://open.spotify.com/artist/56sorIyBAwXaDPifwqtCub,79.38888888888889,3.0,10.0
492,https://open.spotify.com/artist/2YRGVKty2Ss81uVtBTy8K3,-1.0,-1.0,-1.0
493,https://open.spotify.com/artist/2ngRfkZzfh6icOAUCA9DFA,,,0.0
494,https://open.spotify.com/artist/1GgblJXkRYNRnHUGBW9oLA,,,0.0
495,https://open.spotify.com/artist/2BN3IyVjJZIgTjYeK2FEu5,44.766666666666666,10.2,57.0
496,https://open.spotify.com/artist/6hyaRjqAyO8kZPpcvJmuR5,12.235294117647058,0.4,81.0
497,https://open.spotify.com/artist/38AMg0A13hyneREkcLXMTR,,,0.0
498,https://open.spotify.com/artist/2kX9CiUl1AAvmXGU3lFHDZ,174.203125,6.0,11.0
499,https://open.spotify.com/artist/7pwk3M6iETEiAFLwqkgLrk,2295.5925925925926,18.0,7.0
500,https://open.spotify.com/artist/2nCreIln4s16LanURzpizY,121.77777777777777,2.0833333333333335,4.0
501,https://open.spotify.com/artist/2B6ly5UGFrkcdjZ4KsASa5,93.69444444444444,6.1,6.0
502,https://open.spotify.com/artist/4tKt9PfIUo7Src0Nmz1sSr,364.84615384615387,2.3125,3.0
503,https://open.spotify.com/artist/3x1W602gEQT1HmjOMNxQlI,390.0,1.6153846153846154,67.0
504,https://open.spotify.com/artist/19tvsHCuwxUoD6OvnN8uRk,88.51282051282051,4.545454545454546,63.0
505,https://open.spotify.com/artist/7lWnKEoBje7XPkOfRrmZkm,,,0.0
506,https://open.spotify.com/artist/1VBiXsCfOgQzy8uxyhCnPY,189.85,3.0,8.0
507,https://open.spotify.com/artist/0rgYebsetngyGJU1iNikFU,180.65625,18.625,226.0
508,https://open.spotify.com/artist/5KjGwF0TkKmKSC42Mtq2VV,653.76,9.529411764705882,28.0
509,https://open.spotify.com/artist/7pPdlMHHVRk0ei0pEg6U1p,355.4166666666667,8.083333333333334,23.0
510,https://open.spotify.com/artist/2M9I6kX9POMfrxPfePZh05,202.3846153846154,1.2727272727272727,4.0
511,https://open.spotify.com/artist/0ac87lEVMlYRektAzRTZRp,102.27272727272727,7.5,3.0
512,https://open.spotify.com/artist/1I1LEO1QC1NWuWnrzFsvZO,330.42105263157896,2.7058823529411766,10.0
513,https://open.spotify.com/artist/4VTr84kgtiujbYlXkjCjcx,,,0.0
514,https://open.spotify.com/artist/6HuPRnGWRpvx2ZPgPzM03b,-1.0,-1.0,-1.0
515,https://open.spotify.com/artist/4h2z7kgeWvrd7BpFjueFtC,,,0.0
516,https://open.spotify.com/artist/5JAJWx4TnbXljTBKOAQVuV,101.58333333333333,2.6666666666666665,12.0
517,https://open.spotify.com/artist/4uyF1bHrKHhkfefiT34aU0,278.3114754098361,16.823529411764707,3.0
518,https://open.spotify.com/artist/1cvKyOKTQeG0sEHhkyz99S,425.45,5.875,70.0
519,https://open.spotify.com/artist/41RGqF0I6xFG0GzQmLKDgb,1055.4736842105262,4.0,10.0
520,https://open.spotify.com/artist/3mCeJI4TFuKhD6ngRXHFHX,227.44827586206895,1.3846153846153846,18.0
521,https://open.spotify.com/artist/2rbFU7oxhr5pvaSLqB0djI,-1.0,-1.0,-1.0
522,https://open.spotify.com/artist/5w7zX4QCFbJMfjqrJVPWwf,-1.0,-1.0,-1.0
523,https://open.spotify.com/artist/5JrIBQLdYU5SkSdu0zrO70,,,0.0
524,https://open.spotify.com/artist/16eev5uPYilPZzJs4lAso8,63.09090909090909,5.7272727272727275,98.0
525,https://open.spotify.com/artist/4qv1TYNY8xgcump3uNcdrl,428.86046511627904,1.2,32.0
526,https://open.spotify.com/artist/1RAAA0NgTGLviaFA5JgS8A,143.51724137931035,1.5454545454545454,76.0
527,https://open.spotify.com/artist/66DA1SaRhtBFQo4dQ8eF3e,-1.0,-1.0,-1.0
528,https://open.spotify.com/artist/27LSlBnWjyUfpJ5BxgwBoX,,,0.0
529,https://open.spotify.com/artist/0fdw9Qj7h235GZCwvoXZUR,231.09756097560975,28.636363636363637,49.0
530,https://open.spotify.com/artist/67Y2gL6Rl8dy7Mi8cfYuN5,255.65116279069767,9.357142857142858,8.0
531,https://open.spotify.com/artist/0aZFvyqMmNkSjCIPJUPlg1,371.97777777777776,3.5,17.0
532,https://open.spotify.com/artist/5prAatcgYZJ5VFymxr22dQ,245.6304347826087,3.6470588235294117,30.0
533,https://open.spotify.com/artist/67cH5nZMWo6kEHH2EGtrfa,,,0.0
534,https://open.spotify.com/artist/3mfZMGRERgH7KVqJJzhYRr,36.04347826086956,1.5,15.0
535,https://open.spotify.com/artist/3kSKmX5ipF04an5aKkJMgf,73.18181818181819,1.9090909090909092,87.0
536,https://open.spotify.com/artist/6CQ7EYVHudzCArbeXZYV4e,,,0.0
537,https://open.spotify.com/artist/17hR0sYHpx7VYTMRfFUOmY,-1.0,-1.0,-1.0
538,https://open.spotify.com/artist/1YzCsTRb22dQkh9lghPIrp,-1.0,-1.0,-1.0
539,https://open.spotify.com/artist/3oDbviiivRWhXwIE8hxkVV,,,0.0
540,https://open.spotify.com/artist/4UvhuGdFf75Cfan7lEU1J1,-1.0,-1.0,-1.0
541,https://open.spotify.com/artist/2thCvkMUQK0VuVrq2z14Ga,-1.0,-1.0,-1.0
542,https://open.spotify.com/artist/40YNovSgtYKv465NguSVXH,,,0.0
543,https://open.spotify.com/artist/0zKIXgLCjJojazbpFANz4U,-1.0,-1.0,-1.0
544,https://open.spotify.com/artist/6gEoNjEFL9X0RJV0T28rfT,174.4375,0.2727272727272727,11.0
545,https://open.spotify.com/artist/4G7OKh2mzObcjowBkWwBBw,-1.0,-1.0,-1.0
546,https://open.spotify.com/artist/2iTZOJLFH5tqZcCRZAdNm9,-1.0,-1.0,-1.0
547,https://open.spotify.com/artist/4uSftVc3FPWe6RJuMZNEe9,13070.17857142857,48.81818181818182,2.0
548,https://open.spotify.com/artist/7HGFXtBhRq3g1Ma3nH4Rgv,-1.0,-1.0,-1.0
549,https://open.spotify.com/artist/287ipRshOH60FOIp86N68Z,222.16363636363636,3.4,39.0
550,https://open.spotify.com/artist/1Li0eIWeMeWcOOWpImcG9H,,,0.0
551,https://open.spotify.com/artist/2mhR16cFNwiKWB909sMwgF,179.05882352941177,4.363636363636363,30.0
552,https://open.spotify.com/artist/6jP9Z7o6WlbYvKUOeO5SbP,-1.0,-1.0,-1.0
553,https://open.spotify.com/artist/6GAqT4l9mpN7nJ0FbfwdpM,20.72222222222222,2.888888888888889,65.0
554,https://open.spotify.com/artist/0qzzGu8qpbXYpzgV52wOFT,2299.2608695652175,14.923076923076923,1.0
555,https://open.spotify.com/artist/2DwDsjDAfyFgOCKgiRja7c,-1.0,-1.0,-1.0
556,https://open.spotify.com/artist/7MJ1pB5d6Vjmzep2zQlorn,-1.0,-1.0,-1.0
557,https://open.spotify.com/artist/0ZUyFEafMwocvApBjTXvdo,3197.4,16.25,2.0
558,https://open.spotify.com/artist/244AFgFclA9c1IcjWOAqoV,2041.425,4.0,6.0
559,https://open.spotify.com/artist/7G1GBhoKtEPnP86X2PvEYO,47376.59574468085,86.2,2.0
560,https://open.spotify.com/artist/1YZEoYFXx4AxVv13OiOPvZ,20988.11111111111,64.0,1.0
561,https://open.spotify.com/artist/5IxP9VO2CU1bpPoJoQCBwJ,-1.0,-1.0,-1.0
562,https://open.spotify.com/artist/2RP4pPHTXlQpDnO9LvR7Yt,,,0.0
563,https://open.spotify.com/artist/597yzFFRvWnxCtDInHwciZ,4703.452380952381,15.625,12.0
564,https://open.spotify.com/artist/4Qn1CExuCymJpVgumuswKF,-1.0,-1.0,-1.0
565,https://open.spotify.com/artist/3BYXi96LqI8TwNljFKE0DZ,,,0.0
566,https://open.spotify.com/artist/1tcgfoMTT1szjUeaikxRjA,28890.666666666668,45.4,4.0
567,https://open.spotify.com/artist/2auiVi8sUZo17dLy1HwrTU,-1.0,-1.0,-1.0
568,https://open.spotify.com/artist/2uYZJqMXH5Q6xvPU6BPySL,,,0.0
569,https://open.spotify.com/artist/7sYipTRgDXS2JVOPEhRutx,1736.6521739130435,6.363636363636363,32.0
570,https://open.spotify.com/artist/4EVpmkEwrLYEg6jIsiPMIb,2009.0555555555557,22.333333333333332,3.0
571,https://open.spotify.com/artist/5x3hUNIfDPxP1Kr0ZaGs64,1066.4237288135594,6.846153846153846,5.0
572,https://open.spotify.com/artist/5gspAQIAH8nJUrMYgXjCJ2,,,0.0
573,https://open.spotify.com/artist/3p243QYAz5EDado5DfHJ70,-1.0,-1.0,-1.0
574,https://open.spotify.com/artist/6RXeukErMZoCQmwlg9HZ71,93.03571428571429,1.9166666666666667,15.0
575,https://open.spotify.com/artist/5bOsFzuJ6QZMr86ezC4oXY,-1.0,-1.0,-1.0
576,https://open.spotify.com/artist/2VhVBXSB8n2KxuzKVZNxTY,-1.0,-1.0,-1.0
577,https://open.spotify.com/artist/5prAatcgYZJ5VFymxr22dQ,245.67391304347825,3.6470588235294117,30.0
578,https://open.spotify.com/artist/29PVoYGQeFwXgX9vIlnHmR,,,0.0
579,https://open.spotify.com/artist/0oSGxfWSnnOXhD2fKuz2Gy,133947.5652173913,126.5,2.0
580,https://open.spotify.com/artist/2ooIqOf4X2uz4mMptXCtie,-1.0,-1.0,-1.0
581,https://open.spotify.com/artist/6eNEriGat211ygidNVosIE,491.98039215686276,7.133333333333334,22.0
582,https://open.spotify.com/artist/2UlsVvPeCy9gaeysisBS7w,-1.0,-1.0,-1.0
583,https://open.spotify.com/artist/0LyfQWJT6nXafLPZqxe9Of,-1.0,-1.0,-1.0
584,https://open.spotify.com/artist/64xegRpRRqkHzyExWsWMN2,409.11764705882354,4.142857142857143,11.0
585,https://open.spotify.com/artist/5NvbTsi0Mi1mdeDchU2YkG,1376.878787878788,9.9375,6.0
586,https://open.spotify.com/artist/37svtNCXG8V9nnTjVsxhjf,-1.0,-1.0,-1.0
587,https://open.spotify.com/artist/287ipRshOH60FOIp86N68Z,222.16363636363636,3.4,39.0
588,https://open.spotify.com/artist/54uxzqPrWcznhYZMV7y5PW,,,0.0
589,https://open.spotify.com/artist/1zEnV2mAzgJiOMccJN11yu,164.7037037037037,3.6,5.0
590,https://open.spotify.com/artist/7E5vVpiMFJcqTl9Qii1N6J,-1.0,-1.0,-1.0
591,https://open.spotify.com/artist/244AFgFclA9c1IcjWOAqoV,2041.425,4.0,6.0
592,https://open.spotify.com/artist/5gS6Y9LZ4K3bXWTWY23lY6,-1.0,-1.0,-1.0
593,https://open.spotify.com/artist/4wXIodrpSKXFcG3Y4hlpNV,248.0,1.2307692307692308,4.0
594,https://open.spotify.com/artist/2m1jXnR3HLJ5GlyuCezio8,100.52631578947368,2.090909090909091,19.0
595,https://open.spotify.com/artist/7Jn98akVMAyQIoUnkvsOKM,341.537037037037,7.1875,17.0
596,https://open.spotify.com/artist/67Y2gL6Rl8dy7Mi8cfYuN5,255.65116279069767,9.357142857142858,8.0
597,https://open.spotify.com/artist/36GA442Aa56iPPy7BdfGXj,236.73684210526315,3.3076923076923075,31.0
598,https://open.spotify.com/artist/2O49b8VQNpy8plqmh6En31,1251.8695652173913,8.333333333333334,32.0
599,https://open.spotify.com/artist/0FymAMhd3H6VqqDyLZwtp2,253.6764705882353,0.9230769230769231,24.0
600,https://open.spotify.com/artist/6hyaRjqAyO8kZPpcvJmuR5,12.235294117647058,0.4,81.0
601,https://open.spotify.com/artist/41RGqF0I6xFG0GzQmLKDgb,1055.4736842105262,4.0,10.0
602,https://open.spotify.com/artist/1cvKyOKTQeG0sEHhkyz99S,425.45,5.875,70.0
603,https://open.spotify.com/artist/4tKt9PfIUo7Src0Nmz1sSr,364.84615384615387,2.3125,3.0
604,https://open.spotify.com/artist/3x1W602gEQT1HmjOMNxQlI,390.0,1.6153846153846154,67.0
605,https://open.spotify.com/artist/3mfZMGRERgH7KVqJJzhYRr,36.04347826086956,1.5,15.0
606,https://open.spotify.com/artist/66DA1SaRhtBFQo4dQ8eF3e,-1.0,-1.0,-1.0
607,https://open.spotify.com/artist/19tvsHCuwxUoD6OvnN8uRk,88.51282051282051,4.545454545454546,63.0
608,https://open.spotify.com/artist/0fdw9Qj7h235GZCwvoXZUR,231.09756097560975,28.636363636363637,49.0
609,https://open.spotify.com/artist/5JAJWx4TnbXljTBKOAQVuV,101.58333333333333,2.6666666666666665,12.0
610,https://open.spotify.com/artist/1I1LEO1QC1NWuWnrzFsvZO,330.42105263157896,2.7058823529411766,10.0
611,https://open.spotify.com/artist/67cH5nZMWo6kEHH2EGtrfa,,,0.0
612,https://open.spotify.com/artist/0aZFvyqMmNkSjCIPJUPlg1,371.97777777777776,3.5,17.0
613,https://open.spotify.com/artist/2nCreIln4s16LanURzpizY,121.77777777777777,2.0833333333333335,4.0
614,https://open.spotify.com/artist/2B6ly5UGFrkcdjZ4KsASa5,93.69444444444444,6.1,6.0
615,https://open.spotify.com/artist/2kX9CiUl1AAvmXGU3lFHDZ,174.203125,6.0,11.0
616,https://open.spotify.com/artist/4uyF1bHrKHhkfefiT34aU0,278.3114754098361,16.823529411764707,3.0
617,https://open.spotify.com/artist/67Y2gL6Rl8dy7Mi8cfYuN5,255.65116279069767,9.357142857142858,8.0
618,https://open.spotify.com/artist/7lWnKEoBje7XPkOfRrmZkm,,,0.0
619,https://open.spotify.com/artist/6CQ7EYVHudzCArbeXZYV4e,,,0.0
620,https://open.spotify.com/artist/2M9I6kX9POMfrxPfePZh05,202.3846153846154,1.2727272727272727,4.0
621,https://open.spotify.com/artist/0ac87lEVMlYRektAzRTZRp,102.33333333333333,7.5,3.0
622,https://open.spotify.com/artist/5KjGwF0TkKmKSC42Mtq2VV,653.76,9.529411764705882,28.0
623,https://open.spotify.com/artist/7pPdlMHHVRk0ei0pEg6U1p,355.4166666666667,8.083333333333334,23.0
624,https://open.spotify.com/artist/1GgblJXkRYNRnHUGBW9oLA,,,0.0
625,https://open.spotify.com/artist/5JrIBQLdYU5SkSdu0zrO70,,,0.0
626,https://open.spotify.com/artist/0rgYebsetngyGJU1iNikFU,180.65625,18.625,226.0
627,https://open.spotify.com/artist/4h2z7kgeWvrd7BpFjueFtC,,,0.0
628,https://open.spotify.com/artist/4qv1TYNY8xgcump3uNcdrl,428.86046511627904,1.2,32.0
629,https://open.spotify.com/artist/1RAAA0NgTGLviaFA5JgS8A,143.51724137931035,1.5454545454545454,76.0
630,https://open.spotify.com/artist/1VBiXsCfOgQzy8uxyhCnPY,189.85,3.0,8.0
631,https://open.spotify.com/artist/27LSlBnWjyUfpJ5BxgwBoX,,,0.0
632,https://open.spotify.com/artist/3kSKmX5ipF04an5aKkJMgf,73.18181818181819,1.9090909090909092,87.0
633,https://open.spotify.com/artist/7pwk3M6iETEiAFLwqkgLrk,2295.5925925925926,18.0,7.0
634,https://open.spotify.com/artist/16eev5uPYilPZzJs4lAso8,63.09090909090909,5.7272727272727275,98.0
635,https://open.spotify.com/artist/4VTr84kgtiujbYlXkjCjcx,,,0.0
636,https://open.spotify.com/artist/2BN3IyVjJZIgTjYeK2FEu5,44.766666666666666,10.2,57.0
637,https://open.spotify.com/artist/3mCeJI4TFuKhD6ngRXHFHX,227.44827586206895,1.3846153846153846,18.0
638,https://open.spotify.com/artist/5prAatcgYZJ5VFymxr22dQ,240.51063829787233,3.7058823529411766,30.0
639,https://open.spotify.com/artist/38AMg0A13hyneREkcLXMTR,,,0.0
640,https://open.spotify.com/artist/2DwDsjDAfyFgOCKgiRja7c,-1.0,-1.0,-1.0
641,https://open.spotify.com/artist/4G7OKh2mzObcjowBkWwBBw,-1.0,-1.0,-1.0
642,https://open.spotify.com/artist/0oSGxfWSnnOXhD2fKuz2Gy,133948.65217391305,126.5,2.0
643,https://open.spotify.com/artist/1YzCsTRb22dQkh9lghPIrp,-1.0,-1.0,-1.0
644,https://open.spotify.com/artist/4EVpmkEwrLYEg6jIsiPMIb,2009.0555555555557,22.333333333333332,3.0
645,https://open.spotify.com/artist/5x3hUNIfDPxP1Kr0ZaGs64,1066.4237288135594,6.846153846153846,5.0
646,https://open.spotify.com/artist/4Qn1CExuCymJpVgumuswKF,-1.0,-1.0,-1.0
647,https://open.spotify.com/artist/7sYipTRgDXS2JVOPEhRutx,1736.6521739130435,6.363636363636363,32.0
648,https://open.spotify.com/artist/2ooIqOf4X2uz4mMptXCtie,-1.0,-1.0,-1.0
649,https://open.spotify.com/artist/6RXeukErMZoCQmwlg9HZ71,93.03571428571429,1.9166666666666667,15.0
650,https://open.spotify.com/artist/2thCvkMUQK0VuVrq2z14Ga,-1.0,-1.0,-1.0
651,https://open.spotify.com/artist/7G1GBhoKtEPnP86X2PvEYO,47377.40425531915,86.2,2.0
652,https://open.spotify.com/artist/5IxP9VO2CU1bpPoJoQCBwJ,-1.0,-1.0,-1.0
653,https://open.spotify.com/artist/3BYXi96LqI8TwNljFKE0DZ,,,0.0
654,https://open.spotify.com/artist/2VhVBXSB8n2KxuzKVZNxTY,-1.0,-1.0,-1.0
655,https://open.spotify.com/artist/597yzFFRvWnxCtDInHwciZ,4703.452380952381,15.625,12.0
656,https://open.spotify.com/artist/7HGFXtBhRq3g1Ma3nH4Rgv,-1.0,-1.0,-1.0
657,https://open.spotify.com/artist/0qzzGu8qpbXYpzgV52wOFT,2299.2753623188405,14.923076923076923,1.0
658,https://open.spotify.com/artist/4uSftVc3FPWe6RJuMZNEe9,13070.25,48.81818181818182,2.0
659,https://open.spotify.com/artist/2auiVi8sUZo17dLy1HwrTU,-1.0,-1.0,-1.0
660,https://open.spotify.com/artist/2uYZJqMXH5Q6xvPU6BPySL,,,0.0
661,https://open.spotify.com/artist/3p243QYAz5EDado5DfHJ70,-1.0,-1.0,-1.0
662,https://open.spotify.com/artist/1YZEoYFXx4AxVv13OiOPvZ,20988.25925925926,64.0,1.0
663,https://open.spotify.com/artist/6jP9Z7o6WlbYvKUOeO5SbP,-1.0,-1.0,-1.0
664,https://open.spotify.com/artist/5bOsFzuJ6QZMr86ezC4oXY,-1.0,-1.0,-1.0
665,https://open.spotify.com/artist/3oDbviiivRWhXwIE8hxkVV,,,0.0
666,https://open.spotify.com/artist/17hR0sYHpx7VYTMRfFUOmY,-1.0,-1.0,-1.0
667,https://open.spotify.com/artist/40YNovSgtYKv465NguSVXH,,,0.0
668,https://open.spotify.com/artist/6GAqT4l9mpN7nJ0FbfwdpM,20.72222222222222,2.888888888888889,65.0
669,https://open.spotify.com/artist/2RP4pPHTXlQpDnO9LvR7Yt,,,0.0
670,https://open.spotify.com/artist/5gspAQIAH8nJUrMYgXjCJ2,,,0.0
671,https://open.spotify.com/artist/0ZUyFEafMwocvApBjTXvdo,3197.457142857143,16.25,2.0
672,https://open.spotify.com/artist/6gEoNjEFL9X0RJV0T28rfT,174.4375,0.2727272727272727,11.0
673,https://open.spotify.com/artist/244AFgFclA9c1IcjWOAqoV,2041.425,4.0,6.0
674,https://open.spotify.com/artist/4UvhuGdFf75Cfan7lEU1J1,-1.0,-1.0,-1.0
675,https://open.spotify.com/artist/287ipRshOH60FOIp86N68Z,222.16363636363636,3.4,39.0
676,https://open.spotify.com/artist/7MJ1pB5d6Vjmzep2zQlorn,-1.0,-1.0,-1.0
677,https://open.spotify.com/artist/2mhR16cFNwiKWB909sMwgF,179.05882352941177,4.363636363636363,30.0
678,https://open.spotify.com/artist/1Li0eIWeMeWcOOWpImcG9H,,,0.0
679,https://open.spotify.com/artist/2iTZOJLFH5tqZcCRZAdNm9,-1.0,-1.0,-1.0
680,https://open.spotify.com/artist/1tcgfoMTT1szjUeaikxRjA,28890.708333333332,45.4,4.0
681,https://open.spotify.com/artist/29PVoYGQeFwXgX9vIlnHmR,,,0.0
682,https://open.spotify.com/artist/5prAatcgYZJ5VFymxr22dQ,240.51063829787233,3.7058823529411766,30.0
683,https://open.spotify.com/artist/0zKIXgLCjJojazbpFANz4U,-1.0,-1.0,-1.0
684,https://open.spotify.com/artist/5NvbTsi0Mi1mdeDchU2YkG,1376.878787878788,9.9375,6.0
685,https://open.spotify.com/artist/54uxzqPrWcznhYZMV7y5PW,,,0.0
686,https://open.spotify.com/artist/64xegRpRRqkHzyExWsWMN2,409.11764705882354,4.142857142857143,11.0
687,https://open.spotify.com/artist/6eNEriGat211ygidNVosIE,491.98039215686276,7.133333333333334,22.0
688,https://open.spotify.com/artist/7E5vVpiMFJcqTl9Qii1N6J,-1.0,-1.0,-1.0
689,https://open.spotify.com/artist/0FymAMhd3H6VqqDyLZwtp2,253.6764705882353,0.9230769230769231,24.0
690,https://open.spotify.com/artist/67Y2gL6Rl8dy7Mi8cfYuN5,255.65116279069767,9.357142857142858,8.0
691,https://open.spotify.com/artist/7Jn98akVMAyQIoUnkvsOKM,341.537037037037,7.1875,17.0
692,https://open.spotify.com/artist/36GA442Aa56iPPy7BdfGXj,236.73684210526315,3.3076923076923075,31.0
693,https://open.spotify.com/artist/1zEnV2mAzgJiOMccJN11yu,164.7037037037037,3.6,5.0
694,https://open.spotify.com/artist/37svtNCXG8V9nnTjVsxhjf,-1.0,-1.0,-1.0
695,https://open.spotify.com/artist/2UlsVvPeCy9gaeysisBS7w,-1.0,-1.0,-1.0
696,https://open.spotify.com/artist/244AFgFclA9c1IcjWOAqoV,2041.425,4.0,6.0
697,https://open.spotify.com/artist/4wXIodrpSKXFcG3Y4hlpNV,248.0,1.2307692307692308,4.0
698,https://open.spotify.com/artist/0LyfQWJT6nXafLPZqxe9Of,-1.0,-1.0,-1.0
699,https://open.spotify.com/artist/2O49b8VQNpy8plqmh6En31,1251.8695652173913,8.333333333333334,32.0
700,https://open.spotify.com/artist/287ipRshOH60FOIp86N68Z,222.16363636363636,3.4,39.0
701,https://open.spotify.com/artist/5gS6Y9LZ4K3bXWTWY23lY6,-1.0,-1.0,-1.0
702,https://open.spotify.com/artist/2m1jXnR3HLJ5GlyuCezio8,100.52631578947368,2.090909090909091,19.0
703,https://open.spotify.com/artist/1SQeTDXO492WB6aFvrntSS,3097.71875,16.153846153846153,2.0
704,https://open.spotify.com/artist/3yemAXi5HPKWyIlf5jbzYk,930.9473684210526,44.8125,17.0
705,https://open.spotify.com/artist/2QHfzwmKAGhprmtqAakcPr,-1.0,-1.0,-1.0
706,https://open.spotify.com/artist/06BXB6LuxhIeZNtVF47fxJ,-1.0,-1.0,-1.0
707,https://open.spotify.com/artist/72bPcEPylDgn0WHybYqI7P,396.73809523809524,2.0588235294117645,9.0
708,https://open.spotify.com/artist/06nevPmNVfWUXyZkccahL8,30698.916666666668,136.69230769230768,2.0
709,https://open.spotify.com/artist/0QQXt83k6HdOLRfGmiAZwY,,,0.0
710,https://open.spotify.com/artist/1qQsGVTeXPtTvAgvDd5SHZ,1030.2456140350878,5.214285714285714,9.0
711,https://open.spotify.com/artist/6llDm40EBFJNERFGyWn2wH,197.1851851851852,9.5,3.0
712,https://open.spotify.com/artist/2l61JHR8YVKzd7DTwGR5Vv,,,0.0
713,https://open.spotify.com/artist/54gpFrp9hfRFjiOVmGg6PT,391.36538461538464,5.066666666666666,29.0
714,https://open.spotify.com/artist/6dfjZtkQCgJ0w0LouSnnFI,-1.0,-1.0,-1.0
715,https://open.spotify.com/artist/3iR41vQVaeF8kXhOWjAv3J,339.82456140350877,22.2,5.0
716,https://open.spotify.com/artist/5vQr71zjhOUi0RPPeQE6bE,,,0.0
717,https://open.spotify.com/artist/0lVgefAqmZnDNKdn0ZBCfc,,,0.0
718,https://open.spotify.com/artist/1MRHpcPa6DxFio08LUpuFJ,412.22222222222223,3.8333333333333335,6.0
719,https://open.spotify.com/artist/26xnf09CoXKte8d2MSOCSP,969.3164556962025,2.5135135135135136,7.0
720,https://open.spotify.com/artist/5jf4cZ6bJNIQKTakieOupp,,,0.0
721,https://open.spotify.com/artist/1GBgDU3jE3Qh7kP3Umdmmu,,,0.0
722,https://open.spotify.com/artist/3AIAml2wCQUDhWt0BffVbA,1458.3818181818183,2.814814814814815,23.0
723,https://open.spotify.com/artist/5ct2WFb5gFMXAntFsAwA0y,681.71875,8.9375,4.0
724,https://open.spotify.com/artist/0ukgrNYk51TkMQr0f2Br4Q,20231.375,31.466666666666665,7.0
725,https://open.spotify.com/artist/185ZNlMrEw2SxrYTIrQ22R,,,0.0
726,https://open.spotify.com/artist/4iXrcntPCevDmneGb6mEJK,8586.027027027027,23.77777777777778,51.0
727,https://open.spotify.com/artist/0nTUhCTsVt89nR1U5Ysub7,2650.6530612244896,23.25,7.0
728,https://open.spotify.com/artist/3Pjo1vIMjTXaOCVI5YhB0l,132.3469387755102,6.153846153846154,32.0
729,https://open.spotify.com/artist/2aBpZ2C5sQ8eZuHG7xLEAt,993.6285714285714,47.92307692307692,40.0
730,https://open.spotify.com/artist/0uwGk8b2zINQFSKiLbK50Y,,,0.0
731,https://open.spotify.com/artist/2Vdwj4EloSXfXc8R9QzguW,-1.0,-1.0,-1.0
732,https://open.spotify.com/artist/1bglHud1zo2FqeGk54h7FN,682.9,4.333333333333333,9.0
733,https://open.spotify.com/artist/3EBRANWwnViQuBrImN61Z1,77895.175,140.07692307692307,4.0
734,https://open.spotify.com/artist/5uPbfbVvS1knjpH37U1Mgr,1780.7837837837837,15.0,2.0
735,https://open.spotify.com/artist/2vRJ5UH6nfm83H1stvQbCj,21270.136363636364,5.7272727272727275,2.0
736,https://open.spotify.com/artist/144fReyPewvqkNa6f9yxyY,-1.0,-1.0,-1.0
737,https://open.spotify.com/artist/5iHRi45oLFfwDoOzg5vejs,213.03703703703704,1.8461538461538463,13.0
738,https://open.spotify.com/artist/7B07LQYRPfL9bmFD3loLSu,-1.0,-1.0,-1.0
739,https://open.spotify.com/artist/2RZUpkLcPheIJuXLexerK0,499.8679245283019,14.615384615384615,3.0
740,https://open.spotify.com/artist/187zC7nfXRzIJSQ6rNVSUo,,,0.0
741,https://open.spotify.com/artist/5YYrWH3w4JYijU4JZrOXWA,3310.5263157894738,9.4,3.0
742,https://open.spotify.com/artist/4rwzqtDRqtNiXyoUuNl8Fc,614.3272727272728,11.153846153846153,7.0
743,https://open.spotify.com/artist/43p6oGhNBdoh6Gy56rggE8,-1.0,-1.0,-1.0
744,https://open.spotify.com/artist/0q31MBlCXGIFG6gl11Yn0t,882.6739130434783,44.23076923076923,29.0
745,https://open.spotify.com/artist/2TNbAqw8Vycd0xtFz7RWzZ,-1.0,-1.0,-1.0
746,https://open.spotify.com/artist/0lMknM2P5x9iWEpYdMCb9G,-1.0,-1.0,-1.0
747,https://open.spotify.com/artist/7JFinw4LobpCUjapyKvsjo,9737.802325581395,40.42857142857143,9.0
748,https://open.spotify.com/artist/1VgjAK52kjkQJQQRhTn02t,,,0.0
749,https://open.spotify.com/artist/360IAlyVv4PCEVjgyMZrxK,1341581.8604651163,272.15,4.0
750,https://open.spotify.com/artist/7aEP0AzwgG0Bs0Bw7I2sqI,543.6435643564356,16.789473684210527,10.0
751,https://open.spotify.com/artist/6XhxJt25bNl5IMPronm8zz,2095.628205128205,11.481481481481481,7.0
752,https://open.spotify.com/artist/2tGkqm7DdGhJgAeOU5tZOu,-1.0,-1.0,-1.0
753,https://open.spotify.com/artist/7wFDo161xYdeaiLz3KIHoM,28945.739130434784,101.11111111111111,58.0
754,https://open.spotify.com/artist/52pNByiBWx6SVMMqqcCA74,-1.0,-1.0,-1.0
755,https://open.spotify.com/artist/5y2Xq6xcjJb2jVM54GHK3t,1300848.7027027027,208.5,1.0
756,https://open.spotify.com/artist/5xuNBZoM7z1Vv8IQ6uM0p6,700330.59375,299.1764705882353,1.0
757,https://open.spotify.com/artist/20wkVLutqVOYrc0kxFs7rA,402788.7631578947,644.4666666666667,7.0
758,https://open.spotify.com/artist/4VQMIJIdaj7VjJp936vtQm,197.94444444444446,6.230769230769231,7.0
759,https://open.spotify.com/artist/5W10uJRsbt9bROJDKoI1Wn,54550.5,108.23076923076923,3.0
760,https://open.spotify.com/artist/2FMOHE79X98yptp4RpPrt7,29377.95238095238,65.41666666666667,2.0
761,https://open.spotify.com/artist/5xI4mPixKfrCCspATqbpy3,-1.0,-1.0,-1.0
762,https://open.spotify.com/artist/6YvmHs9jWcXOHZ6SDtDeS8,576.2,5.416666666666667,13.0
763,https://open.spotify.com/artist/2RP4pPHTXlQpDnO9LvR7Yt,,,0.0
764,https://open.spotify.com/artist/34OMadP955CwymrTGJUbsw,10714.80357142857,27.22222222222222,17.0
765,https://open.spotify.com/artist/41AscmNq0sWTYo4gRCp21k,2088.181818181818,4.266666666666667,10.0
766,https://open.spotify.com/artist/4NZvixzsSefsNiIqXn0NDe,137385.52380952382,125.33333333333333,1.0
767,https://open.spotify.com/artist/0xD1RASjJGXnTh5NxdrKxF,901.9444444444445,8.9,3.0
768,https://open.spotify.com/artist/5Mq7iqCWBzofK39FBqblNc,,,0.0
769,https://open.spotify.com/artist/7DGzcNoNqaCLgCLhldp2jg,,,0.0
770,https://open.spotify.com/artist/0tbeZu9lv8YEKSQ9tZSslu,,,0.0
771,https://open.spotify.com/artist/1GBgDU3jE3Qh7kP3Umdmmu,,,0.0
772,https://open.spotify.com/artist/0sZBq7kUYfWPbyGrXwOdvO,2842.373134328358,6.038461538461538,10.0
773,https://open.spotify.com/artist/2i3EpmBdqpT4b4JyEtqC6e,,,0.0
774,https://open.spotify.com/artist/7aFTOGFDEqDtJUCziLVsVC,,,0.0
775,https://open.spotify.com/artist/3xGUleMP0VqmYNXcGBNhnI,3779.282608695652,9.1,57.0
776,https://open.spotify.com/artist/29Dil4ZXNOwBukXdVL1EwB,1900.5428571428572,10.846153846153847,5.0
777,https://open.spotify.com/artist/3IntPd2VgK6D2JovdxZ47V,12211.75,20.363636363636363,17.0
778,https://open.spotify.com/artist/1ooV8YZC1KbpEcrmI8WH0F,181971.55555555556,328.15384615384613,2.0
779,https://open.spotify.com/artist/24icoQNJSEWNu3XvqKBR68,,,0.0
780,https://open.spotify.com/artist/4vXFvvWirlvTwcl184KfDc,,,0.0
781,https://open.spotify.com/artist/0PgYKqH7ohfAm9LFgWjpl8,,,0.0
782,https://open.spotify.com/artist/7CIW23FQUXPc1zebnO1TDG,60403.382352941175,164.23076923076923,10.0
783,https://open.spotify.com/artist/0r0KdmVS1Er3kaFnl1KPog,6159.170212765957,56.285714285714285,24.0
784,https://open.spotify.com/artist/00HMyrY1peRefFq95rGiMc,203.1,6.285714285714286,127.0
785,https://open.spotify.com/artist/3ceOFG1q86nQVpJliylpgA,,,0.0
786,https://open.spotify.com/artist/5LuLeXlnT2jFxbx7Cg7j88,10862.452054794521,30.272727272727273,47.0
787,https://open.spotify.com/artist/49HlOY4gkHqsYG9GCuhkcc,29965.11111111111,120.08333333333333,40.0
788,https://open.spotify.com/artist/53KwLdlmrlCelAZMaLVZqU,99459.20370370371,148.58823529411765,3.0
789,https://open.spotify.com/artist/0QWrMNukfcVOmgEU0FEDyD,597767.947368421,274.7692307692308,3.0
790,https://open.spotify.com/artist/7gjUyv57FGMKDu9agyqW1Z,780.5795454545455,8.23076923076923,25.0
791,https://open.spotify.com/artist/3Y7RZ31TRPVadSFVy1o8os,1838165.96875,626.7222222222222,2.0
792,https://open.spotify.com/artist/0pf1lcBxh6HiiHQAIzhTI5,5602.840909090909,35.38461538461539,2.0
793,https://open.spotify.com/artist/4ub2v80S4RIceZRGnlhjTr,12813.21052631579,169.64285714285714,144.0
794,https://open.spotify.com/artist/6aZyMrc4doVtZyKNilOmwu,55169.21428571428,71.4375,1.0
795,https://open.spotify.com/artist/3oDbviiivRWhXwIE8hxkVV,,,0.0
796,https://open.spotify.com/artist/38SWPOPO1YqxUPnT4AAoID,350.1162790697674,5.153846153846154,4.0
797,https://open.spotify.com/artist/3AA28KZvwAUcZuOKwyblJQ,554688.2777777778,879.3333333333334,13.0
798,https://open.spotify.com/artist/7n2wHs1TKAczGzO7Dd2rGr,13342537.622222222,5861.64705882353,12.0
799,https://open.spotify.com/artist/3z6Gk257P9jNcZbBXJNX5i,14496.782608695652,78.2,0.0
800,https://open.spotify.com/artist/4EzkuveR9pLvDVFNx6foYD,171013.42372881356,250.76470588235293,1.0
801,https://open.spotify.com/artist/10exVja0key0uqUkk6LJRT,78056.42857142857,84.08333333333333,3.0
802,https://open.spotify.com/artist/5schNIzWdI9gJ1QRK8SBnc,41620.46875,97.07142857142857,5.0
803,https://open.spotify.com/artist/23fqKkggKUBHNkbKtXEls4,-1.0,-1.0,-1.0
804,https://open.spotify.com/artist/3GBPw9NK25X1Wt2OUvOwY3,,,0.0
805,https://open.spotify.com/artist/0hEurMDQu99nJRq8pTxO14,95628.0,7980.888888888889,2.0
806,https://open.spotify.com/artist/5INjqkS1o8h1imAzPqGZBb,578718.6363636364,2109.6666666666665,25.0
807,https://open.spotify.com/artist/1hzfo8twXdOegF3xireCYs,52442.5,93.0,1.0
808,https://open.spotify.com/artist/1GLtl8uqKmnyCWxHmw9tL4,,,0.0
809,https://open.spotify.com/artist/1dy5WNgIKQU6ezkpZs4y8z,277656.5,361.25,52.0
810,https://open.spotify.com/artist/0L8ExT028jH3ddEcZwqJJ5,679030.1851851852,467.0,0.0
811,https://open.spotify.com/artist/3dv4Q4q3LWOnbLJnC6GgTY,29844.325581395347,38.8421052631579,32.0
812,https://open.spotify.com/artist/5BCnLrqpwYtufR1bDWn0hG,18249.65625,130.5,161.0
813,https://open.spotify.com/artist/1GBgDU3jE3Qh7kP3Umdmmu,,,0.0
814,https://open.spotify.com/artist/2ysnwxxNtSgbb9t1m2Ur4j,,,0.0
815,https://open.spotify.com/artist/1MIVXf74SZHmTIp4V4paH4,190720.4871794872,140.375,3.0
816,https://open.spotify.com/artist/6DoH7ywD5BcQvjloe9OcIj,21284.095238095237,0.0,8.0
817,https://open.spotify.com/artist/5Pwc4xIPtQLFEnJriah9YJ,123076.76,137.4,1.0
818,https://open.spotify.com/artist/3P6duIn7oHeiBACZfYeNud,15702.657534246575,37.411764705882355,1.0
819,https://open.spotify.com/artist/6zVFRTB0Y1whWyH7ZNmywf,252725.62068965516,183.86666666666667,1.0
820,https://open.spotify.com/artist/13saZpZnCDWOI9D4IJhp1f,,,0.0
821,https://open.spotify.com/artist/7CIW23FQUXPc1zebnO1TDG,60403.470588235294,164.23076923076923,10.0
822,https://open.spotify.com/artist/6xrCU6zdcSTsG2hLrojpmI,17498.67391304348,91.92857142857143,9.0
823,https://open.spotify.com/artist/2QsynagSdAqZj3U9HgDzjD,994499.875,143.28571428571428,0.0
824,https://open.spotify.com/artist/1W7FNibLa0O0b572tB2w7t,120267.92307692308,74.15789473684211,1.0
825,https://open.spotify.com/artist/3XHO7cRUPCLOr6jwp8vsx5,36460.5,182.27272727272728,3.0
826,https://open.spotify.com/artist/7x5rK9BClDQ8wmCkYAGsQp,3209.85,127.88888888888889,4.0
827,https://open.spotify.com/artist/29WzbAQtDnBJF09es0uddn,-1.0,-1.0,-1.0
828,https://open.spotify.com/artist/7B2edU3Q7btJoNsoHCNohM,22908.923076923078,207.0,57.0
829,https://open.spotify.com/artist/08GQAI4eElDnROBrJRGE0X,-1.0,-1.0,-1.0
830,https://open.spotify.com/artist/32lo0J8u6KZJTwBOIBrdYS,4403.079365079365,20.75,0.0
831,https://open.spotify.com/artist/7oPgCQqMMXEXrNau5vxYZP,32745.204545454544,281.15384615384613,10.0
832,https://open.spotify.com/artist/4W48hZAnAHVOC2c8WH8pcq,12545.923076923076,25.63157894736842,35.0
833,https://open.spotify.com/artist/53KwLdlmrlCelAZMaLVZqU,99459.46296296296,148.58823529411765,3.0
834,https://open.spotify.com/artist/7D5oTJSXSHf51auG0106CQ,,,0.0
835,https://open.spotify.com/artist/3iOvXCl6edW5Um0fXEBRXy,117387.06382978724,110.0,12.0
836,https://open.spotify.com/artist/3gd8FJtBJtkRxdfbTu19U2,133034.6724137931,272.0,7.0
837,https://open.spotify.com/artist/4phGZZrJZRo4ElhRtViYdl,108509.125,77.76923076923077,0.0
838,https://open.spotify.com/artist/0SwO7SWeDHJijQ3XNS7xEE,49056.19047619047,196.35714285714286,21.0
839,https://open.spotify.com/artist/2ZRQcIgzPCVaT9XKhXZIzh,82977.70731707317,64.4375,2.0
840,https://open.spotify.com/artist/16oZKvXb6WkQlVAjwo2Wbg,213905.8125,987.6428571428571,1.0
841,https://open.spotify.com/artist/0le01dl1WllSHhjEXRl4in,209506.38461538462,263.2,3.0
842,https://open.spotify.com/artist/4qDww0RJmxca60Fpxig0ur,296.5208333333333,2.642857142857143,6.0
843,https://open.spotify.com/artist/0K71PGQ56OrlNYQYOVhBBy,,,0.0
844,https://open.spotify.com/artist/6kUPnAgFimsMQbwNfDEjsR,470.9130434782609,4.444444444444445,26.0
845,https://open.spotify.com/artist/2PPV41ImgLveSlyMzZLDje,2793.095238095238,3.466666666666667,25.0
846,https://open.spotify.com/artist/6WYnfLN9rrgKDeE2d7LXAK,177.04545454545453,0.25,1.0
847,https://open.spotify.com/artist/5ePcdkTtOWDr7NdmciCG53,46.291666666666664,0.5833333333333334,62.0
848,https://open.spotify.com/artist/7FsZ5HKdtDFJ1xmK6NICBO,235.94736842105263,9.333333333333334,10.0
849,https://open.spotify.com/artist/06Juz21hwkRvpJoAqOlWyv,-1.0,-1.0,-1.0
850,https://open.spotify.com/artist/7Fh1k3NlvVj1Oj6kpfQf9f,243.3181818181818,5.222222222222222,1.0
851,https://open.spotify.com/artist/2NOzUDDNg8ua6v8D0Votv0,,,0.0
852,https://open.spotify.com/artist/5iy4msOEj4qHNlrxUansvg,5970.636363636364,7.7272727272727275,15.0
853,https://open.spotify.com/artist/2gfAJZGQf0CzTa8X7GtWQT,61.62068965517241,1.3333333333333333,28.0
854,https://open.spotify.com/artist/1teaJMioUQwomEEn7zDVSf,,,0.0
855,https://open.spotify.com/artist/1DsaRUT9I6WBmNKs9Bvc0f,301.18918918918916,2.75,11.0
856,https://open.spotify.com/artist/1gxXzfykdtDuod56hPkYyr,68.5,3.4444444444444446,55.0
857,https://open.spotify.com/artist/1MC53J1n4R9fm4Rrfpu5SN,-1.0,-1.0,-1.0
858,https://open.spotify.com/artist/7IalxqI48TH1FFYxQvvaMa,33.05555555555556,7.666666666666667,88.0
859,https://open.spotify.com/artist/0jmoN7cmqEaTwrd1bHq2yy,358.1818181818182,0.8333333333333334,9.0
860,https://open.spotify.com/artist/245cfTGLRjFApGjsOe1hLL,320.4230769230769,6.8,62.0
861,https://open.spotify.com/artist/4WOaecAM3RMMmrbZzNx0vu,4524.4324324324325,10.923076923076923,2.0
862,https://open.spotify.com/artist/0iIC1kWWJcUW6wGyePgOsm,869.7777777777778,3.8,16.0
863,https://open.spotify.com/artist/2pN7W3IsIduQmwEFtqIWUE,50.8235294117647,1.1111111111111112,32.0
864,https://open.spotify.com/artist/2EedjlFkouef58FApmRDEQ,,,0.0
865,https://open.spotify.com/artist/1KMRtiAuxmbvoeVy8kguhf,-1.0,-1.0,-1.0
866,https://open.spotify.com/artist/14NP6vwv3dCn1ckRIhVlZw,60.4,6.111111111111111,10.0
867,https://open.spotify.com/artist/224LttlCRKYN4bbZ1UVhjV,247.93023255813952,2.6923076923076925,4.0
868,https://open.spotify.com/artist/2lmQ4CUnjmLIIfnwZdRmMY,4637.407407407408,49.45454545454545,12.0
869,https://open.spotify.com/artist/6a6UkzQ14OJgUHNcLmXqaZ,-1.0,-1.0,-1.0
870,https://open.spotify.com/artist/49HdCHozbzc59Ychd6VoAr,-1.0,-1.0,-1.0
871,https://open.spotify.com/artist/6Zch6nlGtcEh21alHiOAGN,62.11538461538461,4.888888888888889,13.0
872,https://open.spotify.com/artist/2zC2ZZxrgVRUFxaJ9bXF7c,341.70588235294116,1.5,18.0
873,https://open.spotify.com/artist/5yNrjeJnyfNVCSWIzTDC0v,596.2280701754386,6.583333333333333,2.0
874,https://open.spotify.com/artist/1wwdZiPDXIR9nGbd2Fh279,515.0,7.666666666666667,2.0
875,https://open.spotify.com/artist/30d2MelUAIfKXyxBad0WwF,194.63636363636363,64.3076923076923,57.0
876,https://open.spotify.com/artist/1QNxGh780sh7335HNULWlR,252.1,1.2727272727272727,14.0
877,https://open.spotify.com/artist/2P03ydjajJV5oYJhzBTDWI,-1.0,-1.0,-1.0
878,https://open.spotify.com/artist/6h971vhkhZ8eM5SQjHi0Ta,250.625,8.909090909090908,7.0
879,https://open.spotify.com/artist/48KfskhJwOsuHbzmMKscfy,83.66666666666667,1.0,3.0
880,https://open.spotify.com/artist/7MNaAZDL3obqk7bnGgbfpX,-1.0,-1.0,-1.0
881,https://open.spotify.com/artist/0iFNL4U3SyyJ6TjDO6AKmG,88.12,2.1,5.0
882,https://open.spotify.com/artist/5oC7I4bIO227NYRHBVSIuG,338.2083333333333,2.176470588235294,8.0
883,https://open.spotify.com/artist/5mmXE9O5zWyLxqHX5UdcuR,273.4594594594595,1.6666666666666667,8.0
884,https://open.spotify.com/artist/1TSlRNfaIUF7UzatIa0qtr,-1.0,-1.0,-1.0
885,https://open.spotify.com/artist/1PGFrlFMjm2RIi2ndQ0lHG,268.96666666666664,3.0833333333333335,8.0
886,https://open.spotify.com/artist/589mGvuEPlppLiP3qTeqpk,333.3658536585366,2.6923076923076925,9.0
887,https://open.spotify.com/artist/0kKcdh3yndBVj4MksybyZv,-1.0,-1.0,-1.0
888,https://open.spotify.com/artist/1bQETsCBEDeVx6LylLgB2T,-1.0,-1.0,-1.0
889,https://open.spotify.com/artist/5TBYqdpnL8B5fMfVyOTBUs,364.8703703703704,3.923076923076923,8.0
890,https://open.spotify.com/artist/3psL0oZSLyYBEQqRBvEutJ,296.8888888888889,11.714285714285714,192.0
891,https://open.spotify.com/artist/4kwLF73fZC8zaZI5rwbBQV,,,0.0
892,https://open.spotify.com/artist/7JhdMcbgsy2KlWx76cIkzu,168.57142857142858,35.3,4.0
893,https://open.spotify.com/artist/5UXfmfXpKD1QDBGDaclhDR,-1.0,-1.0,-1.0
894,https://open.spotify.com/artist/1pTkm9vjMkeqSgSQCLs6FB,872.3023255813954,2.375,5.0
895,https://open.spotify.com/artist/4tBXkNGcdOAHrpptHmBajQ,297.5111111111111,3.230769230769231,2.0
896,https://open.spotify.com/artist/71WdmiUGtujRDl2Iiocpvy,,,0.0
897,https://open.spotify.com/artist/6G6lXGxOc8R0ClzzV57BIu,353.84,1.2307692307692308,4.0
898,https://open.spotify.com/artist/4xRdcudb8V909KuVer6gko,,,0.0
899,https://open.spotify.com/artist/7AFUni7Tued7k6TxqN1EB2,27.09090909090909,1.7,6.0
900,https://open.spotify.com/artist/2BN3IyVjJZIgTjYeK2FEu5,44.766666666666666,10.2,57.0
901,https://open.spotify.com/artist/5mJfWHEsHcgVQ6ZtuYHxSR,16.357142857142858,2.5555555555555554,112.0
902,https://open.spotify.com/artist/34Lag5FaTGZTgaiz89Qo9B,416.0833333333333,7.235294117647059,5.0
903,https://open.spotify.com/artist/1ubCv2G2Cec1jieoOWEwZX,275.2926829268293,5.0,3.0
904,https://open.spotify.com/artist/3Q8NJFycXKD7l7TGADQuHw,,,0.0
905,https://open.spotify.com/artist/5TTfN54bvspJqR0BBslLRl,528.1777777777778,3.5714285714285716,6.0
906,https://open.spotify.com/artist/1SfMUABvEzfzrqe3lwClB5,4.0,0.3333333333333333,0.0
907,https://open.spotify.com/artist/2FXcS4s31mFCBwG1WYEvo0,-1.0,-1.0,-1.0
908,https://open.spotify.com/artist/6yA0rDNWerHRDAqQ202aUx,368.6078431372549,1.0625,5.0
909,https://open.spotify.com/artist/1xemLeqATOPQOrJmyo17gR,,,0.0
910,https://open.spotify.com/artist/6fmqiMSKisecrnNhgNO5Y0,135.95652173913044,0.8181818181818182,2.0
911,https://open.spotify.com/artist/1ewhAtkWJhsTs8GsseqBft,39.888888888888886,5.444444444444445,38.0
912,https://open.spotify.com/artist/43vKNg2grVept0L2ND5YPL,430.93939393939394,5.133333333333334,48.0
913,https://open.spotify.com/artist/480lgI9whVlo11h1Kh5W6L,396.1621621621622,1.9285714285714286,21.0
914,https://open.spotify.com/artist/20mdBSV3GT5OcX98Pcyfp0,,,0.0
915,https://open.spotify.com/artist/7iL7kelM3H9pfMMozONQx4,337.2903225806452,6.7,3.0
916,https://open.spotify.com/artist/19LuatpDlmpYjpID4maE4A,738.7619047619048,3.411764705882353,6.0
917,https://open.spotify.com/artist/0rvG759prCJHXUcNYNAOf4,41.13636363636363,2.090909090909091,48.0
918,https://open.spotify.com/artist/19LuatpDlmpYjpID4maE4A,738.7619047619048,3.411764705882353,6.0
919,https://open.spotify.com/artist/1aQ7P3HtKOQFW16ebjiks1,10893.607142857143,49.0,8.0
920,https://open.spotify.com/artist/2DxlS3lTLFIq70S7ap5H3y,-1.0,-1.0,-1.0
921,https://open.spotify.com/artist/3keP4Z7qR85cJhEqndq1ea,,,0.0
922,https://open.spotify.com/artist/2eRdPaLHWAL4d1WcNUO9Vz,-1.0,-1.0,-1.0
923,https://open.spotify.com/artist/2XuDkWSGwLfIMsAii8xBt3,983.1333333333333,3.5,5.0
924,https://open.spotify.com/artist/1eZ8lcCTBNLKwDsjg4easQ,105.03846153846153,6.8,27.0
925,https://open.spotify.com/artist/4skJp5OKvcc9eKokiuhi2s,,,0.0
926,https://open.spotify.com/artist/2tVXjUlY84M5V80ml8nFZD,1436.2424242424242,6.076923076923077,20.0
927,https://open.spotify.com/artist/066X20Nz7iquqkkCW6Jxy6,-1.0,-1.0,-1.0
928,https://open.spotify.com/artist/3No127Hkg9LRf1Q63Uyq35,-1.0,-1.0,-1.0
929,https://open.spotify.com/artist/5VTWoYYizcOY3uIKnxeCGI,2653.0714285714284,37.6,7.0
930,https://open.spotify.com/artist/16eRpMNXSQ15wuJoeqguaB,-1.0,-1.0,-1.0
931,https://open.spotify.com/artist/2n6FviARgtjjimZXu18uRM,-1.0,-1.0,-1.0
932,https://open.spotify.com/artist/70MMkLXtue3Edj3RJhJkYp,7904.5952380952385,19.384615384615383,1.0
933,https://open.spotify.com/artist/0UKfenbZb15sqhfPC6zbt3,1147.9473684210527,65.33333333333333,2.0
934,https://open.spotify.com/artist/3RpiuODlxLEzGTjoKa2qW7,522.0714285714286,1.1111111111111112,15.0
935,https://open.spotify.com/artist/2EVlbKnHoS3sRVmm4gPf3x,-1.0,-1.0,-1.0
936,https://open.spotify.com/artist/5ryYQaYPltS7u7tjByRM3K,8366.833333333334,9.0,1.0
937,https://open.spotify.com/artist/3btzEQD6sugImIHPMRgkwV,67722.39393939394,81.14285714285714,2.0
938,https://open.spotify.com/artist/6zvul52xwTWzilBZl6BUbT,64952.666666666664,87.84615384615384,5.0
939,https://open.spotify.com/artist/4rjlerN21ygkIhmUv55irs,12103.211538461539,25.0,5.0
940,https://open.spotify.com/artist/23NIwARd4vPbxt3wwNnJ6k,-1.0,-1.0,-1.0
941,https://open.spotify.com/artist/5ztBFCBEL7OtjdAt98RnD4,2254.6470588235293,20.818181818181817,49.0
942,https://open.spotify.com/artist/6maphvdwLWb9tIeiFAAaE3,332.2173913043478,2.9,5.0
943,https://open.spotify.com/artist/6uVeWolwyRDrT84lLsaZyW,-1.0,-1.0,-1.0
944,https://open.spotify.com/artist/432R46LaYsJZV2Gmc4jUV5,71899.72413793103,172.8181818181818,13.0
945,https://open.spotify.com/artist/0epOFNiUfyON9EYx7Tpr6V,210330.91428571427,483.15384615384613,6.0
946,https://open.spotify.com/artist/0cMwHZkCdMDnQDuWBkhMqS,1199.909090909091,1.3157894736842106,6.0
947,https://open.spotify.com/artist/3inCNiUr4R6XQ3W43s9Aqi,-1.0,-1.0,-1.0
948,https://open.spotify.com/artist/06Nby0DKchdevZ349Vmsy8,-1.0,-1.0,-1.0
949,https://open.spotify.com/artist/6olE6TJLqED3rqDCT0FyPh,-1.0,-1.0,-1.0
950,https://open.spotify.com/artist/2evydP72Z45DouM4uMGsIE,3523.3571428571427,14.76923076923077,2.0
951,https://open.spotify.com/artist/1ScuQ8TIlsmpeThaI18gYC,-1.0,-1.0,-1.0
952,https://open.spotify.com/artist/5PbpKlxQE0Ktl5lcNABoFf,27911.478260869564,494.0,54.0
953,https://open.spotify.com/artist/4Eqd24yS5YcxI8b6Xfuwr8,1867.3265306122448,17.23076923076923,5.0
954,https://open.spotify.com/artist/4DO9uZBipcWHEfMXo87yhS,1038.0714285714287,12.272727272727273,2.0
955,https://open.spotify.com/artist/4CCQ81RA6vadTTpp7StUsr,,,0.0
956,https://open.spotify.com/artist/4IeWU3NYBI9mISFVhzXG8f,-1.0,-1.0,-1.0
957,https://open.spotify.com/artist/0ey6crPk5fXQWkq21iPTMV,3308.0,28.923076923076923,4.0
958,https://open.spotify.com/artist/2qFr8w5sWUITRlzZ9kZotF,,,0.0
959,https://open.spotify.com/artist/4tpUmLEVLCGFr93o8hFFIB,57014.769230769234,327.0,4.0
960,https://open.spotify.com/artist/121Q6oslYCMBYZHhOFL1RB,-1.0,-1.0,-1.0
961,https://open.spotify.com/artist/5qezamwf4f8ny63pCoDErW,79.1590909090909,2.0,12.0
962,https://open.spotify.com/artist/7FmM0XgimRvS48CfObh2ht,-1.0,-1.0,-1.0
963,https://open.spotify.com/artist/69jvVusO95F0Qe4b80QmMw,145.07407407407408,3.4,59.0
964,https://open.spotify.com/artist/1xgFexIwrf2QjbU0buCNnp,8955.666666666666,35.90909090909091,4.0
965,https://open.spotify.com/artist/0yNLKJebCb8Aueb54LYya3,63163.148148148146,185.45454545454547,7.0
966,https://open.spotify.com/artist/7taxbHlqWyBiQEc38vNT9z,394.0,2.8,13.0
967,https://open.spotify.com/artist/1jeYbk5eqo6wgsQPjLeU5w,-1.0,-1.0,-1.0
968,https://open.spotify.com/artist/6liAMWkVf5LH7YR9yfFy1Y,4838.368421052632,185.55555555555554,48.0
969,https://open.spotify.com/artist/0FHPAcPoHtExxmF68aEChO,912.2307692307693,5.416666666666667,1.0
970,https://open.spotify.com/artist/30uiS1n3uIGXJEYFR1GVDy,-1.0,-1.0,-1.0
971,https://open.spotify.com/artist/6XYvaoDGE0VmRt83Jss9Sn,79053.93103448275,383.75,10.0
972,https://open.spotify.com/artist/5XGoUe0WjmbOtppHlB7Taf,158.5,7.111111111111111,9.0
973,https://open.spotify.com/artist/6Jg3DFzPWX2VIy01oqLGkz,661.4444444444445,3.6,9.0
974,https://open.spotify.com/artist/46mRV6kvhsGvih0dMKktto,-1.0,-1.0,-1.0
975,https://open.spotify.com/artist/3G3Gdm0ZRAOxLrbyjfhii5,-1.0,-1.0,-1.0
976,https://open.spotify.com/artist/19LuatpDlmpYjpID4maE4A,738.7619047619048,3.411764705882353,6.0
977,https://open.spotify.com/artist/4BFMTELQyWJU1SwqcXMBm3,631.8,9.555555555555555,22.0
978,https://open.spotify.com/artist/4Cx5LnF4WNJIn9SSqyeq9C,881.5,5.9,2.0
979,https://open.spotify.com/artist/5CiQ9m8dPZ3eEV8c2DdHuq,97.6842105263158,5.0,11.0
980,https://open.spotify.com/artist/3UkN1XeK2D4wD4uhtJx4vb,,,0.0
981,https://open.spotify.com/artist/6WoTvA9qinpHtSRJuldYh6,-1.0,-1.0,-1.0
982,https://open.spotify.com/artist/3RtwbiB9DVyibUaEZo6ZYu,,,0.0
983,https://open.spotify.com/artist/3K7G8Czqv2acbaWlxFfjbj,679.8571428571429,5.416666666666667,1.0
984,https://open.spotify.com/artist/3tiod2aXxdgMl6E7W4visJ,-1.0,-1.0,-1.0
985,https://open.spotify.com/artist/3js6s09clsmw6sNkVc3hxE,-1.0,-1.0,-1.0
986,https://open.spotify.com/artist/6lK8O3kyFThiTmgowQZGOH,11843.533333333333,21.555555555555557,12.0
987,https://open.spotify.com/artist/1zynMKTFbwGSgYMs3aU5Bw,-1.0,-1.0,-1.0
988,https://open.spotify.com/artist/3B60IEQNWVOr8zFDnINmvg,-1.0,-1.0,-1.0
989,https://open.spotify.com/artist/7y4JZjyr1HUM5b4mvtk1fJ,601.7948717948718,5.076923076923077,2.0
990,https://open.spotify.com/artist/35K2Ew4QxuJJdfbdOXPzap,-1.0,-1.0,-1.0
991,https://open.spotify.com/artist/45Qy3mVXEp1rhTUhfAOqb5,181.80851063829786,2.3076923076923075,3.0
992,https://open.spotify.com/artist/02W0b2f8duVOvwlq7DVP8I,-1.0,-1.0,-1.0
993,https://open.spotify.com/artist/3D9PX5IIpRlKuL29GyJQOl,729.2702702702703,8.333333333333334,4.0
994,https://open.spotify.com/artist/5EjzvshGaeIYnjdttJF6ZQ,839.9677419354839,60.4,6.0
995,https://open.spotify.com/artist/7zqyTtZhqL1ynuOWjsfPSJ,1557.3095238095239,20.466666666666665,22.0
996,https://open.spotify.com/artist/0A6JvVRIH3NZRto4r1OUrA,8063.844444444445,6.826086956521739,5.0
997,https://open.spotify.com/artist/6JqtADDgBVPjLBRFwqjuFm,11222.588235294117,45.68,8.0
998,https://open.spotify.com/artist/7gc8dP95DhyLjx5QZMNM3z,1133.7464788732395,11.285714285714286,5.0
999,https://open.spotify.com/artist/3lSFQIxf3wrUpUIUYrku49,217.86363636363637,5.181818181818182,5.0
